"FullName","Length","LastWriteTime"
"C:\laragon\www\sports-warehouse-home-page\config\color.php","502","8/09/2025 9:57:56 AM"
"C:\laragon\www\sports-warehouse-home-page\css\components\cards\base.css","8088","12/09/2025 3:04:11 PM"
"C:\laragon\www\sports-warehouse-home-page\css\components\cards\layout.css","2168","24/08/2025 12:06:10 PM"
"C:\laragon\www\sports-warehouse-home-page\css\components\cards\responsiveness.css","1033","5/08/2025 9:58:08 PM"
"C:\laragon\www\sports-warehouse-home-page\css\components\button.css","4628","16/05/2025 10:57:43 AM"
"C:\laragon\www\sports-warehouse-home-page\css\components\filter.css","8793","8/09/2025 12:53:28 PM"
"C:\laragon\www\sports-warehouse-home-page\css\components\md3-overrides.css","2004","18/05/2025 12:28:02 PM"
"C:\laragon\www\sports-warehouse-home-page\css\components\modal.css","1421","17/08/2025 11:11:21 PM"
"C:\laragon\www\sports-warehouse-home-page\css\components\pill.css","1819","25/05/2025 11:42:57 PM"
"C:\laragon\www\sports-warehouse-home-page\css\components\themes.css","4969","5/08/2025 5:30:20 PM"
"C:\laragon\www\sports-warehouse-home-page\css\base.css","4771","31/08/2025 1:52:59 PM"
"C:\laragon\www\sports-warehouse-home-page\css\header.css","19226","29/05/2025 2:07:49 PM"
"C:\laragon\www\sports-warehouse-home-page\css\main.css","27844","11/09/2025 9:40:28 AM"
"C:\laragon\www\sports-warehouse-home-page\images\logos\ally_fashion.html","28311","2/06/2025 2:12:46 PM"
"C:\laragon\www\sports-warehouse-home-page\inc\cards\product-grid.php","12521","12/09/2025 3:23:37 PM"
"C:\laragon\www\sports-warehouse-home-page\inc\cards\utils.php","11008","6/09/2025 10:42:59 AM"
"C:\laragon\www\sports-warehouse-home-page\inc\filters\color-facets.php","9912","11/09/2025 6:40:37 AM"
"C:\laragon\www\sports-warehouse-home-page\inc\sidebar\adidas\carousel-bundle-hero.php","3410","1/08/2025 2:43:21 PM"
"C:\laragon\www\sports-warehouse-home-page\inc\sidebar\adidas\hyperglam.php","5735","1/08/2025 2:33:31 PM"
"C:\laragon\www\sports-warehouse-home-page\inc\sidebar\adidas\jennie.php","5318","1/08/2025 2:33:34 PM"
"C:\laragon\www\sports-warehouse-home-page\inc\sidebar\adidas\kids.php","3281","1/08/2025 2:33:37 PM"
"C:\laragon\www\sports-warehouse-home-page\inc\sidebar\adidas\mens.php","2675","1/08/2025 2:33:40 PM"
"C:\laragon\www\sports-warehouse-home-page\inc\sidebar\layout.php","990","1/08/2025 9:40:58 AM"
"C:\laragon\www\sports-warehouse-home-page\inc\catalog-query.php","10916","12/09/2025 3:50:12 PM"
"C:\laragon\www\sports-warehouse-home-page\inc\color-groups.php","999","8/09/2025 12:33:41 PM"
"C:\laragon\www\sports-warehouse-home-page\inc\color-normalize.php","1328","8/09/2025 9:59:06 AM"
"C:\laragon\www\sports-warehouse-home-page\inc\color-where.php","2903","11/09/2025 6:30:43 AM"
"C:\laragon\www\sports-warehouse-home-page\inc\filter-ui.php","1793","26/08/2025 1:26:00 PM"
"C:\laragon\www\sports-warehouse-home-page\inc\footer.php","45120","20/08/2025 10:38:56 PM"
"C:\laragon\www\sports-warehouse-home-page\inc\header.php","15296","4/07/2025 3:28:20 PM"
"C:\laragon\www\sports-warehouse-home-page\inc\hero.php","8635","2/09/2025 10:22:34 PM"
"C:\laragon\www\sports-warehouse-home-page\inc\image-headroom.php","1104","12/09/2025 12:06:59 PM"
"C:\laragon\www\sports-warehouse-home-page\inc\image-picker.php","1888","12/09/2025 12:07:36 PM"
"C:\laragon\www\sports-warehouse-home-page\inc\site-config.php","10899","20/08/2025 7:54:13 PM"
"C:\laragon\www\sports-warehouse-home-page\js\dark-mode.js","338","5/08/2025 3:29:22 PM"
"C:\laragon\www\sports-warehouse-home-page\js\filter-ui.js","6553","26/08/2025 9:21:48 PM"
"C:\laragon\www\sports-warehouse-home-page\js\image-lazy.js","563","5/08/2025 3:28:22 PM"
"C:\laragon\www\sports-warehouse-home-page\js\orientation-utils.js","1347","5/08/2025 2:55:16 PM"
"C:\laragon\www\sports-warehouse-home-page\js\site-ui.js","9629","17/08/2025 11:52:37 PM"
"C:\laragon\www\sports-warehouse-home-page\scripts\color-tag-images.php","14600","8/09/2025 11:36:28 AM"
"C:\laragon\www\sports-warehouse-home-page\scripts\generate-item-orientations.php","2327","19/08/2025 10:08:04 PM"
"C:\laragon\www\sports-warehouse-home-page\scripts\import_orientations.php","4165","30/08/2025 1:30:35 PM"
"C:\laragon\www\sports-warehouse-home-page\scripts\rebuild-image-meta.php","4030","19/08/2025 10:59:46 PM"
"C:\laragon\www\sports-warehouse-home-page\scripts\update-orientations.php","4393","19/08/2025 10:09:04 PM"
"C:\laragon\www\sports-warehouse-home-page\tests\local-only\dbtest.php","1426","17/08/2025 12:53:24 AM"
"C:\laragon\www\sports-warehouse-home-page\tests\local-only\phpinfo.php","53","17/08/2025 12:42:24 AM"
"C:\laragon\www\sports-warehouse-home-page\category.php","2297","4/07/2025 2:39:19 PM"
"C:\laragon\www\sports-warehouse-home-page\db.php","790","30/08/2025 10:08:14 AM"
"C:\laragon\www\sports-warehouse-home-page\demo-cards.html","5011","14/08/2025 5:53:01 PM"
"C:\laragon\www\sports-warehouse-home-page\example.php","195","13/06/2025 4:30:07 PM"
"C:\laragon\www\sports-warehouse-home-page\hello.html","91","2/06/2025 8:35:57 PM"
"C:\laragon\www\sports-warehouse-home-page\index.php","19342","10/09/2025 10:06:07 PM"
"C:\laragon\www\sports-warehouse-home-page\product.php","8868","20/08/2025 8:21:10 PM"
"C:\laragon\www\sports-warehouse-home-page\search.php","974","4/07/2025 3:30:09 PM"
"C:\laragon\www\sports-warehouse-home-page\test_db.php","286","2/06/2025 7:41:27 PM"
