"RelPath","Name","Extension","Length","LastWriteTime"
".env.example",".env.example",".example","110","16/08/2025 11:55:13 PM"
".gitignore",".gitignore",".gitignore","1574","17/08/2025 10:07:09 AM"
".htaccess",".htaccess",".htaccess","363","21/08/2025 10:09:02 PM"
"category.php","category.php",".php","2297","4/07/2025 2:39:19 PM"
"currentstate.zip","currentstate.zip",".zip","53413","4/07/2025 3:35:28 PM"
"db.php","db.php",".php","790","30/08/2025 10:08:14 AM"
"demo-cards.html","demo-cards.html",".html","5011","14/08/2025 5:53:01 PM"
"docker-compose.yml","docker-compose.yml",".yml","815","17/08/2025 8:57:45 AM"
"example.php","example.php",".php","195","13/06/2025 4:30:07 PM"
"headroom.csv","headroom.csv",".csv","40054","11/09/2025 10:52:36 AM"
"headroom_v2.csv","headroom_v2.csv",".csv","31563","12/09/2025 11:57:02 AM"
"hello.html","hello.html",".html","91","2/06/2025 8:35:57 PM"
"image-list.txt","image-list.txt",".txt","28092","11/07/2025 11:07:00 AM"
"image-rendering-review.zip","image-rendering-review.zip",".zip","29560","11/09/2025 8:04:15 AM"
"index.php","index.php",".php","19342","10/09/2025 10:06:07 PM"
"product.php","product.php",".php","8868","20/08/2025 8:21:10 PM"
"project-tree.txt","project-tree.txt",".txt","44249","8/09/2025 2:20:16 PM"
"project_filelist.csv","project_filelist.csv",".csv","40493","11/09/2025 7:52:45 AM"
"README.md","README.md",".md","19264","16/08/2025 8:26:58 PM"
"search.php","search.php",".php","974","4/07/2025 3:30:09 PM"
"site-structure.txt","site-structure.txt",".txt","21357","16/08/2025 9:18:04 PM"
"SportsWarehouse_color_filter_pack.zip","SportsWarehouse_color_filter_pack.zip",".zip","34349","9/09/2025 11:16:23 AM"
"SportsWarehouse_color_filter_pack2.zip","SportsWarehouse_color_filter_pack2.zip",".zip","35155","11/09/2025 5:59:07 AM"
"SportsWarehouse_DeliberableB.zip","SportsWarehouse_DeliberableB.zip",".zip","5125644","29/05/2025 9:18:36 PM"
"test_db.php","test_db.php",".php","286","2/06/2025 7:41:27 PM"
"_current-image-system.zip","_current-image-system.zip",".zip","100555","16/09/2025 3:34:09 PM"
"_image-system_manifest.csv","_image-system_manifest.csv",".csv","5448","16/09/2025 3:32:36 PM"
".devcontainer/devcontainer.json","devcontainer.json",".json","1252","17/08/2025 12:20:33 AM"
".devcontainer/Dockerfile","Dockerfile","","982","17/08/2025 12:21:38 AM"
".devcontainer/php-dev.ini","php-dev.ini",".ini","197","17/08/2025 12:22:44 AM"
"config/color.php","color.php",".php","502","8/09/2025 9:57:56 AM"
"css/base.css","base.css",".css","4771","31/08/2025 1:52:59 PM"
"css/header.css","header.css",".css","19226","29/05/2025 2:07:49 PM"
"css/main.css","main.css",".css","27844","11/09/2025 9:40:28 AM"
"css/components/button.css","button.css",".css","4628","16/05/2025 10:57:43 AM"
"css/components/filter.css","filter.css",".css","8793","8/09/2025 12:53:28 PM"
"css/components/md3-overrides.css","md3-overrides.css",".css","2004","18/05/2025 12:28:02 PM"
"css/components/modal.css","modal.css",".css","1421","17/08/2025 11:11:21 PM"
"css/components/pill.css","pill.css",".css","1819","25/05/2025 11:42:57 PM"
"css/components/themes.css","themes.css",".css","4969","5/08/2025 5:30:20 PM"
"css/components/cards/base.css","base.css",".css","8088","12/09/2025 3:04:11 PM"
"css/components/cards/layout.css","layout.css",".css","2168","24/08/2025 12:06:10 PM"
"css/components/cards/responsiveness.css","responsiveness.css",".css","1033","5/08/2025 9:58:08 PM"
"db/sportswh_dump.sql","sportswh_dump.sql",".sql","145730","15/08/2025 11:09:15 AM"
"db/sportswh_dump_sanitized.sql","sportswh_dump_sanitized.sql",".sql","72378","15/08/2025 11:14:23 AM"
"db/sportswh_seed.sql","sportswh_seed.sql",".sql","378","17/08/2025 12:46:46 AM"
"docs/ai-usage.md","ai-usage.md",".md","1700","17/08/2025 4:31:45 PM"
"docs/Category-Sync-Runbook.md","Category-Sync-Runbook.md",".md","0","16/08/2025 9:17:53 PM"
"docs/ai-context/2025-7-31-Content_Planning_Document_for_the_Adidas_Showcase.docx","2025-7-31-Content_Planning_Document_for_the_Adidas_Showcase.docx",".docx","11787185","1/08/2025 2:49:16 PM"
"docs/ai-context/2025-8-17-ai-usage-guide.pdf","2025-8-17-ai-usage-guide.pdf",".pdf","5148","17/08/2025 4:28:46 PM"
"docs/ai-context/2025-8-17-Mixed-Aspect-Ratio_Product_Cards_and_Detail_View.md","2025-8-17-Mixed-Aspect-Ratio_Product_Cards_and_Detail_View.md",".md","9615","18/08/2025 10:36:58 AM"
"docs/ai-context/2025-8-17-Mixed-Aspect-Ratio_Product_Cards_and_Detail_View.pdf","2025-8-17-Mixed-Aspect-Ratio_Product_Cards_and_Detail_View.pdf",".pdf","45270","17/08/2025 10:00:11 PM"
"docs/ai-context/2025-8-17-Sports_Warehouse_Status_Report.pdf","2025-8-17-Sports_Warehouse_Status_Report.pdf",".pdf","4102","17/08/2025 2:27:59 PM"
"docs/ai-context/content-planning-document.md","content-planning-document.md",".md","3230","18/08/2025 10:46:44 AM"
"docs/ai-context/ddl.md","ddl.md",".md","3378","12/09/2025 12:48:54 PM"
"docs/ai-context/MASTER.md","MASTER.md",".md","6636","19/08/2025 9:45:11 AM"
"docs/ai-context/pack-a.md","pack-a.md",".md","3147","19/08/2025 10:21:36 AM"
"docs/ai-context/site-structure.md","site-structure.md",".md","20733","18/08/2025 11:29:09 AM"
"images/adobestock_414079274-soccer_ball_and_field.jpeg","adobestock_414079274-soccer_ball_and_field.jpeg",".jpeg","3223048","7/05/2025 3:59:00 PM"
"images/adobestock_536942588-ellipse.png","adobestock_536942588-ellipse.png",".png","95377","7/05/2025 8:50:22 PM"
"images/brands/adidas/banners/01-urban.png","01-urban.png",".png","1434188","5/06/2025 9:44:55 AM"
"images/brands/adidas/banners/kids/01.png","01.png",".png","482334","8/06/2025 3:03:10 PM"
"images/brands/adidas/banners/men/urban/01.png","01.png",".png","1434188","5/06/2025 9:44:55 AM"
"images/brands/adidas/banners/men/urban/02.png","02.png",".png","2089756","8/06/2025 2:56:15 PM"
"images/brands/adidas/banners/men/urban/03.png","03.png",".png","1152660","8/06/2025 2:59:10 PM"
"images/brands/adidas/banners/women/streetwear.png","streetwear.png",".png","3368577","8/06/2025 3:36:05 PM"
"images/brands/adidas/banners/women/blackpink/jennie/superstar-the_original/01.png","01.png",".png","2105633","21/07/2025 5:02:07 PM"
"images/brands/adidas/banners/women/blackpink/jennie/superstar-the_original/02.png","02.png",".png","2371499","21/07/2025 5:02:51 PM"
"images/brands/adidas/banners/women/blackpink/jennie/superstar-the_original/03.png","03.png",".png","1021348","21/07/2025 5:03:51 PM"
"images/brands/adidas/banners/women/blackpink/jennie/superstar-the_original/04.png","04.png",".png","2346637","21/07/2025 5:05:29 PM"
"images/brands/adidas/banners/women/blackpink/jennie/superstar-the_original/05.png","05.png",".png","246207","21/07/2025 5:25:57 PM"
"images/brands/adidas/banners/women/blackpink/jennie/superstar-the_original/06.png","06.png",".png","2427332","1/08/2025 10:40:51 AM"
"images/brands/adidas/kids/marvel-spider_man/backpack/01.png","01.png",".png","355130","23/07/2025 10:16:22 AM"
"images/brands/adidas/kids/marvel-spider_man/backpack/02.png","02.png",".png","313217","23/07/2025 10:17:39 AM"
"images/brands/adidas/kids/marvel-spider_man/backpack/03.png","03.png",".png","324976","23/07/2025 10:18:15 AM"
"images/brands/adidas/kids/marvel-spider_man/backpack/04.png","04.png",".png","289833","23/07/2025 10:19:33 AM"
"images/brands/adidas/kids/marvel-spider_man/backpack/05.png","05.png",".png","1214148","23/07/2025 10:20:02 AM"
"images/brands/adidas/kids/marvel-spider_man/banner/global_disney_marvel_superheroes-launch/01.png","01.png",".png","2626192","19/07/2025 4:07:48 PM"
"images/brands/adidas/kids/marvel-spider_man/banner/global_disney_marvel_superheroes-launch/02.png","02.png",".png","10953184","19/07/2025 4:04:22 PM"
"images/brands/adidas/kids/marvel-spider_man/t-shirt/01.png","01.png",".png","543141","19/07/2025 3:58:50 PM"
"images/brands/adidas/kids/marvel-spider_man/t-shirt/02.png","02.png",".png","2721086","19/07/2025 4:29:20 PM"
"images/brands/adidas/kids/marvel-spider_man/tracksuit/01.png","01.png",".png","1244426","17/07/2025 8:12:07 PM"
"images/brands/adidas/kids/marvel-spider_man/tracksuit/02.png","02.png",".png","1093450","17/07/2025 8:13:06 PM"
"images/brands/adidas/kids/marvel-spider_man/tracksuit/03.png","03.png",".png","653590","17/07/2025 8:14:10 PM"
"images/brands/adidas/kids/marvel-spider_man/tracksuit/04.png","04.png",".png","396271","17/07/2025 8:15:02 PM"
"images/brands/adidas/kids/marvel-spider_man/trainers-light_up/01.png","01.png",".png","1722075","19/07/2025 4:01:39 PM"
"images/brands/adidas/men/3-stripes/running_tee/01.png","01.png",".png","483326","17/07/2025 8:17:28 PM"
"images/brands/adidas/men/campus_sneakers/01.png","01.png",".png","403807","28/07/2025 6:30:20 PM"
"images/brands/adidas/men/campus_sneakers/02.png","02.png",".png","425100","28/07/2025 6:31:04 PM"
"images/brands/adidas/men/campus_sneakers/03.png","03.png",".png","389307","28/07/2025 6:31:50 PM"
"images/brands/adidas/men/campus_sneakers/04.png","04.png",".png","523292","28/07/2025 6:32:22 PM"
"images/brands/adidas/men/campus_sneakers/05.png","05.png",".png","277355","28/07/2025 6:33:09 PM"
"images/brands/adidas/men/campus_sneakers/06.png","06.png",".png","238297","28/07/2025 6:34:05 PM"
"images/brands/adidas/men/poly_linear_full_zip_hoodie_and_pants/01.png","01.png",".png","878987","17/07/2025 6:22:46 PM"
"images/brands/adidas/men/poly_linear_full_zip_hoodie_and_pants/02.png","02.png",".png","505837","17/07/2025 6:23:38 PM"
"images/brands/adidas/men/poly_linear_full_zip_hoodie_and_pants/03.png","03.png",".png","611028","17/07/2025 6:24:24 PM"
"images/brands/adidas/men/poly_linear_full_zip_hoodie_and_pants/04.png","04.png",".png","298816","17/07/2025 6:25:20 PM"
"images/brands/adidas/men/poly_linear_full_zip_hoodie_and_pants/05.png","05.png",".png","956542","17/07/2025 6:25:57 PM"
"images/brands/adidas/men/poly_linear_full_zip_hoodie_and_pants/06.png","06.png",".png","475468","17/07/2025 6:26:47 PM"
"images/brands/adidas/men/poly_linear_full_zip_hoodie_and_pants/07.png","07.png",".png","1130728","17/07/2025 6:27:26 PM"
"images/brands/adidas/men/poly_linear_full_zip_hoodie_and_pants/08.png","08.png",".png","497572","17/07/2025 6:28:14 PM"
"images/brands/adidas/men/poly_linear_full_zip_hoodie_and_pants/09.png","09.png",".png","316311","17/07/2025 6:29:02 PM"
"images/brands/adidas/other/UEFA_Euro16-Top_Glider_Ball.png","UEFA_Euro16-Top_Glider_Ball.png",".png","277679","15/07/2025 7:41:28 PM"
"images/brands/adidas/videos/jennie-blackpink.mp4","jennie-blackpink.mp4",".mp4","5036425","21/07/2025 2:42:16 PM"
"images/brands/adidas/videos/tubetop.mp4","tubetop.mp4",".mp4","521798","21/07/2025 3:12:47 PM"
"images/brands/adidas/videos/world_cup.mp4","world_cup.mp4",".mp4","75607036","4/06/2025 1:23:48 PM"
"images/brands/adidas/women/3-stripes/booty_shorts/01.png","01.png",".png","523487","21/07/2025 1:38:50 PM"
"images/brands/adidas/women/3-stripes/booty_shorts/02.png","02.png",".png","981104","21/07/2025 1:39:34 PM"
"images/brands/adidas/women/3-stripes/booty_shorts/03.png","03.png",".png","887077","21/07/2025 1:40:23 PM"
"images/brands/adidas/women/3-stripes/booty_shorts/04.png","04.png",".png","413969","21/07/2025 1:41:06 PM"
"images/brands/adidas/women/3-stripes/booty_shorts/05.png","05.png",".png","306811","21/07/2025 1:41:51 PM"
"images/brands/adidas/women/3-stripes/flared_leggings/01.png","01.png",".png","134425","17/07/2025 8:26:53 PM"
"images/brands/adidas/women/3-stripes/flared_leggings/02.png","02.png",".png","125148","17/07/2025 8:27:57 PM"
"images/brands/adidas/women/3-stripes/hyperglam_long_sleeve_crop_top_and_full-length_leggings/01.png","01.png",".png","910461","17/07/2025 8:21:13 PM"
"images/brands/adidas/women/3-stripes/hyperglam_long_sleeve_crop_top_and_full-length_leggings/02.png","02.png",".png","563016","17/07/2025 8:21:52 PM"
"images/brands/adidas/women/3-stripes/hyperglam_long_sleeve_crop_top_and_full-length_leggings/03.png","03.png",".png","269926","17/07/2025 8:22:48 PM"
"images/brands/adidas/women/3-stripes/hyperglam_long_sleeve_crop_top_and_full-length_leggings/04.png","04.png",".png","629118","17/07/2025 8:23:34 PM"
"images/brands/adidas/women/3-stripes/hyperglam_long_sleeve_crop_top_and_full-length_leggings/05.png","05.png",".png","1229446","17/07/2025 8:24:06 PM"
"images/brands/adidas/women/3-stripes/powerreact_training-medium_support-sports_bra/01.png","01.png",".png","254614","17/07/2025 8:45:02 PM"
"images/brands/adidas/women/3-stripes/powerreact_training-medium_support-sports_bra/02.png","02.png",".png","374172","17/07/2025 8:42:04 PM"
"images/brands/adidas/women/3-stripes/powerreact_training-medium_support-sports_bra/03.png","03.png",".png","388544","17/07/2025 8:42:46 PM"
"images/brands/adidas/women/3-stripes/powerreact_training-medium_support-sports_bra/04.png","04.png",".png","374553","17/07/2025 8:44:18 PM"
"images/brands/adidas/women/3-stripes/tights/01.png","01.png",".png","1377436","17/07/2025 8:52:54 PM"
"images/brands/adidas/women/3-stripes/tights/02.png","02.png",".png","1993840","17/07/2025 8:53:33 PM"
"images/brands/adidas/women/3-stripes/tube_top/01.png","01.png",".png","177931","21/07/2025 1:29:47 PM"
"images/brands/adidas/women/3-stripes/tube_top/02.png","02.png",".png","837564","21/07/2025 1:30:38 PM"
"images/brands/adidas/women/3-stripes/tube_top/03.png","03.png",".png","559178","21/07/2025 1:31:33 PM"
"images/brands/adidas/women/3-stripes/tube_top/04.png","04.png",".png","72019","21/07/2025 1:32:37 PM"
"images/brands/asics/banners/men/01-cross-country-running.jpg","01-cross-country-running.jpg",".jpg","826091","5/06/2025 9:42:18 AM"
"images/brands/asics/men/gel_training/shorts/01.png","01.png",".png","505683","18/07/2025 8:10:53 AM"
"images/brands/asics/men/gel_training/shorts/02.png","02.png",".png","341711","18/07/2025 8:11:30 AM"
"images/brands/asics/men/gel_training/shorts/03.png","03.png",".png","259591","18/07/2025 8:12:08 AM"
"images/brands/asics/men/gel_training/shorts/04.png","04.png",".png","912497","18/07/2025 8:12:35 AM"
"images/brands/asics/men/gel_training/shorts/05.png","05.png",".png","357409","18/07/2025 8:13:16 AM"
"images/brands/asics/men/gel_training/Zip-Track_Top/01.png","01.png",".png","619960","18/07/2025 8:06:22 AM"
"images/brands/asics/men/gel_training/Zip-Track_Top/02.png","02.png",".png","372526","18/07/2025 8:07:22 AM"
"images/brands/asics/men/gel_training/Zip-Track_Top/03.png","03.png",".png","243720","18/07/2025 8:08:13 AM"
"images/brands/asics/men/gel_training/Zip-Track_Top/04.png","04.png",".png","398947","18/07/2025 8:08:49 AM"
"images/brands/asics/men/gel_training/Zip-Track_Top/05.png","05.png",".png","398302","18/07/2025 8:09:49 AM"
"images/brands/asics/unisex/running_shoes/kayano_26.png","kayano_26.png",".png","258619","15/07/2025 9:34:11 PM"
"images/brands/asics/unisex/soccer_boots/gel_lethal_tigreor_8_IT.png","gel_lethal_tigreor_8_IT.png",".png","175040","15/07/2025 9:45:00 PM"
"images/brands/asics/video/paris_olympics.mp4","paris_olympics.mp4",".mp4","49219430","5/06/2025 6:07:35 PM"
"images/brands/asos/4504-curve/sports_bra/high_support/zip-front-adjustable-straps/01.png","01.png",".png","235598","17/07/2025 9:01:22 PM"
"images/brands/asos/4504-curve/sports_bra/high_support/zip-front-adjustable-straps/02.png","02.png",".png","366667","17/07/2025 9:02:06 PM"
"images/brands/asos/4504-curve/sports_bra/high_support/zip-front-adjustable-straps/03.png","03.png",".png","145741","17/07/2025 9:03:00 PM"
"images/brands/aybl/adapt_seamless/shorts/01.png","01.png",".png","745660","18/07/2025 7:53:28 AM"
"images/brands/aybl/adapt_seamless/shorts/02.png","02.png",".png","367941","18/07/2025 7:55:02 AM"
"images/brands/aybl/adapt_seamless/shorts/03.png","03.png",".png","406959","18/07/2025 7:55:46 AM"
"images/brands/aybl/adapt_seamless/shorts/04.png","04.png",".png","844421","18/07/2025 7:57:34 AM"
"images/brands/aybl/adapt_seamless/shorts/05.png","05.png",".png","895805","18/07/2025 7:58:03 AM"
"images/brands/aybl/adapt_seamless/shorts/06.png","06.png",".png","334637","18/07/2025 7:58:59 AM"
"images/brands/aybl/adapt_seamless/sports_bra/01.png","01.png",".png","789454","18/07/2025 7:59:54 AM"
"images/brands/aybl/adapt_seamless/sports_bra/02.png","02.png",".png","394344","18/07/2025 8:00:29 AM"
"images/brands/aybl/adapt_seamless/sports_bra/03.png","03.png",".png","480360","18/07/2025 8:01:08 AM"
"images/brands/aybl/adapt_seamless/sports_bra/04.png","04.png",".png","999118","18/07/2025 8:02:32 AM"
"images/brands/aybl/adapt_seamless/sports_bra/05.png","05.png",".png","1111590","18/07/2025 8:03:26 AM"
"images/brands/aybl/adapt_seamless/sports_bra/06.png","06.png",".png","288194","18/07/2025 8:04:12 AM"
"images/brands/designer/kate_galliano/bodysuit/bubblegum/01.png","01.png",".png","1357852","17/07/2025 9:08:23 PM"
"images/brands/designer/kate_galliano/bodysuit/bubblegum/02.png","02.png",".png","1591151","17/07/2025 9:09:12 PM"
"images/brands/designer/lisa_trujillo/kids/01-activewear.jpg","01-activewear.jpg",".jpg","235359","2/06/2025 1:56:40 PM"
"images/brands/designer/lisa_trujillo/kids/banner/01.png","01.png",".png","1999797","2/06/2025 1:58:56 PM"
"images/brands/designer/lisa_trujillo/kids/banner/02.png","02.png",".png","1599524","2/06/2025 1:59:35 PM"
"images/brands/designer/lisa_trujillo/kids/banner/03.png","03.png",".png","1677352","2/06/2025 2:01:30 PM"
"images/brands/nike/banner-joyride.png","banner-joyride.png",".png","1440565","4/06/2025 5:30:29 PM"
"images/brands/nike/kids/girls/futura/air/pink_and_white/01.png","01.png",".png","237361","17/07/2025 9:20:19 PM"
"images/brands/nike/kids/girls/futura/air/pink_and_white/02.png","02.png",".png","495011","17/07/2025 9:22:49 PM"
"images/brands/nike/other/600ml_waterbottle.png","600ml_waterbottle.png",".png","106985","15/07/2025 11:04:27 PM"
"images/brands/nike/women/running/swift_uv-12_zip_top/01.png","01.png",".png","492670","18/07/2025 10:24:10 AM"
"images/brands/nike/women/running/swift_uv-12_zip_top/02.png","02.png",".png","524178","18/07/2025 10:24:45 AM"
"images/brands/nike/women/running/swift_uv-12_zip_top/03.png","03.png",".png","780601","18/07/2025 10:25:15 AM"
"images/brands/nike/women/running/swift_uv-12_zip_top/04.png","04.png",".png","386022","18/07/2025 10:25:51 AM"
"images/brands/nike/women/running/swift_uv-12_zip_top/05.png","05.png",".png","554217","18/07/2025 10:26:21 AM"
"images/brands/nike/women/running/swift_uv-12_zip_top/06.png","06.png",".png","316554","18/07/2025 10:27:01 AM"
"images/brands/nike/women/running/swift_uv-12_zip_top/07.png","07.png",".png","539965","18/07/2025 10:27:27 AM"
"images/brands/nike/women/swoosh/sports_bra/medium-support-padded/01.png","01.png",".png","2079443","17/07/2025 9:12:12 PM"
"images/brands/nike/women/swoosh/sports_bra/medium-support-padded/02.png","02.png",".png","1672578","17/07/2025 9:12:53 PM"
"images/brands/nike/women/swoosh/sports_bra/medium-support-padded/03.png","03.png",".png","2662817","17/07/2025 9:13:35 PM"
"images/brands/nike/women/swoosh/sports_bra/medium-support-padded/04.png","04.png",".png","505645","17/07/2025 9:14:29 PM"
"images/brands/nike/women/swoosh/sports_bra/medium-support-padded/05.png","05.png",".png","595598","17/07/2025 9:15:28 PM"
"images/brands/nike/women/training/full-zip_top Tracksuit/01.png","01.png",".png","768441","18/07/2025 8:29:53 AM"
"images/brands/nike/women/training/full-zip_top Tracksuit/02.png","02.png",".png","557890","18/07/2025 8:30:48 AM"
"images/brands/nike/women/training/full-zip_top Tracksuit/03.png","03.png",".png","802513","18/07/2025 8:32:20 AM"
"images/brands/nike/women/training/full-zip_top Tracksuit/04.png","04.png",".png","479669","18/07/2025 8:32:55 AM"
"images/brands/nike/women/training/full-zip_top Tracksuit/05.png","05.png",".png","334440","18/07/2025 8:33:33 AM"
"images/brands/nike/women/training/full-zip_top Tracksuit/06.png","06.png",".png","254418","18/07/2025 8:34:27 AM"
"images/brands/nike/women/training/pro_mesh-3inch_shorts/01.png","01.png",".png","1822319","18/07/2025 8:35:57 AM"
"images/brands/nike/women/training/pro_mesh-3inch_shorts/02.png","02.png",".png","371414","18/07/2025 8:36:36 AM"
"images/brands/nike/women/training/pro_mesh-3inch_shorts/03.png","03.png",".png","445116","18/07/2025 8:37:21 AM"
"images/brands/nike/women/training/pro_mesh-3inch_shorts/04.png","04.png",".png","418779","18/07/2025 8:38:09 AM"
"images/brands/nike/women/training/pro_mesh-3inch_shorts/05.png","05.png",".png","927533","18/07/2025 8:38:38 AM"
"images/brands/nike/women/video/movement.mp4","movement.mp4",".mp4","56141124","4/06/2025 2:47:53 PM"
"images/brands/nike/women/zenvy/leggings-high-waisted-flared/01.png","01.png",".png","722624","17/07/2025 9:28:08 PM"
"images/brands/nike/women/zenvy/leggings-high-waisted-flared/02.png","02.png",".png","709636","17/07/2025 9:29:06 PM"
"images/brands/nike/women/zenvy/leggings-high-waisted-flared/03.png","03.png",".png","1431670","17/07/2025 9:29:48 PM"
"images/brands/nike/women/zenvy/leggings-high-waisted-flared/04.png","04.png",".png","5261277","17/07/2025 9:30:35 PM"
"images/brands/nike/women/zenvy/leggings-high-waisted-flared/green/05.mp4","05.mp4",".mp4","7251670","5/06/2025 5:14:46 PM"
"images/brands/nike/women/zenvy/leggings-high_waisted-full_length/01.png","01.png",".png","815903","17/07/2025 9:25:15 PM"
"images/brands/nike/women/zenvy/leggings-high_waisted-full_length/02.png","02.png",".png","949516","17/07/2025 9:26:04 PM"
"images/brands/other/protec-skate_helmet.png","protec-skate_helmet.png",".png","675819","10/04/2025 12:30:30 AM"
"images/brands/other/sting-armaplus-boxing_gloves-T3.png","sting-armaplus-boxing_gloves-T3.png",".png","356317","4/08/2025 10:15:48 AM"
"images/brands/pangaia/stretch-compressive-volcanic_grey/leggings/01.png","01.png",".png","266822","17/07/2025 9:42:56 PM"
"images/brands/pangaia/stretch-compressive-volcanic_grey/leggings/02.png","02.png",".png","233715","17/07/2025 9:44:02 PM"
"images/brands/pangaia/stretch-compressive-volcanic_grey/leggings/03.png","03.png",".png","634484","17/07/2025 9:44:32 PM"
"images/brands/pangaia/stretch-compressive-volcanic_grey/leggings/04.png","04.png",".png","746018","17/07/2025 9:45:03 PM"
"images/brands/pangaia/stretch-compressive-volcanic_grey/sports_bra/01.png","01.png",".png","3497719","17/07/2025 9:33:55 PM"
"images/brands/pangaia/stretch-compressive-volcanic_grey/sports_bra/02.png","02.png",".png","2038762","17/07/2025 9:34:54 PM"
"images/brands/pangaia/stretch-compressive-volcanic_grey/sports_bra/03.png","03.png",".png","1595064","17/07/2025 9:36:08 PM"
"images/brands/pangaia/stretch-compressive-volcanic_grey/sports_bra/04.png","04.png",".png","459280","17/07/2025 9:36:57 PM"
"images/brands/puma/banner-1.png","banner-1.png",".png","12381671","5/06/2025 9:40:43 AM"
"images/brands/puma/dua_lipa.mp4","dua_lipa.mp4",".mp4","11745205","4/06/2025 2:39:15 PM"
"images/brands/puma/unisex/training_shoes/rs-x?_spectra/01.png","01.png",".png","2888356","15/07/2025 10:12:17 PM"
"images/brands/puma/unisex/training_shoes/rs-x?_spectra/02.png","02.png",".png","539831","15/07/2025 10:50:28 PM"
"images/brands/reebok/banner-1.png","banner-1.png",".png","3073959","5/06/2025 9:48:17 AM"
"images/brands/reebok/impact.mp4","impact.mp4",".mp4","34776314","4/06/2025 2:31:06 PM"
"images/brands/reebok/unisex/training_shoes/nano_x3/black_court_brown.png","black_court_brown.png",".png","395246","15/07/2025 10:28:33 PM"
"images/brands/reebok/unisex/training_shoes/nano_x3/core_black-neon_cherry.png","core_black-neon_cherry.png",".png","965437","15/07/2025 10:26:54 PM"
"images/brands/reebok/unisex/training_shoes/nano_x3/pure_white.png","pure_white.png",".png","376499","15/07/2025 10:29:09 PM"
"images/brands/stax/banners/women/01-hero-images-collage.png","01-hero-images-collage.png",".png","230851","4/06/2025 5:52:54 PM"
"images/brands/stax/banners/women/02-seamless-tones.png","02-seamless-tones.png",".png","445367","3/06/2025 11:27:59 AM"
"images/brands/stax/video/tropical.mp4","tropical.mp4",".mp4","17591034","5/06/2025 9:54:22 PM"
"images/brands/stax/video/melbourne/large.mp4","large.mp4",".mp4","29038887","4/06/2025 11:18:54 AM"
"images/brands/stax/video/melbourne/podolyano-kyah_richards.png","podolyano-kyah_richards.png",".png","429728","5/06/2025 8:45:09 AM"
"images/brands/stax/video/melbourne/run-club-launch.mp4","run-club-launch.mp4",".mp4","2767888","3/06/2025 3:56:17 PM"
"images/brands/stax/video/melbourne/small.mp4","small.mp4",".mp4","5797330","3/06/2025 3:50:42 PM"
"images/brands/stax/women/airlyte/active_zip_Jacket/01.png","01.png",".png","330606","17/07/2025 2:56:09 PM"
"images/brands/stax/women/airlyte/active_zip_Jacket/02.png","02.png",".png","616209","17/07/2025 2:57:02 PM"
"images/brands/stax/women/airlyte/active_zip_Jacket/03.png","03.png",".png","320329","17/07/2025 2:57:53 PM"
"images/brands/stax/women/airlyte/active_zip_Jacket/04.png","04.png",".png","310459","17/07/2025 2:58:50 PM"
"images/brands/stax/women/airlyte/active_zip_Jacket/05.png","05.png",".png","514829","17/07/2025 2:59:37 PM"
"images/brands/stax/women/airlyte/active_zip_Jacket/06.png","06.png",".png","119401","17/07/2025 3:00:23 PM"
"images/brands/stax/women/airlyte/active_zip_Jacket/07.png","07.png",".png","158599","17/07/2025 3:01:15 PM"
"images/brands/stax/women/airlyte/backless_playsuit/01.png","01.png",".png","875973","17/07/2025 3:02:09 PM"
"images/brands/stax/women/airlyte/backless_playsuit/02.png","02.png",".png","329945","17/07/2025 3:02:55 PM"
"images/brands/stax/women/airlyte/backless_playsuit/03.png","03.png",".png","460365","17/07/2025 3:03:40 PM"
"images/brands/stax/women/airlyte/backless_playsuit/04.png","04.png",".png","1415604","17/07/2025 3:04:11 PM"
"images/brands/stax/women/airlyte/backless_playsuit/05.png","05.png",".png","485610","17/07/2025 3:04:56 PM"
"images/brands/stax/women/airlyte/backless_playsuit/06.png","06.png",".png","297402","17/07/2025 3:05:42 PM"
"images/brands/stax/women/airlyte/backless_playsuit/07.png","07.png",".png","237974","17/07/2025 3:06:26 PM"
"images/brands/stax/women/airlyte/full-length_tights/01.png","01.png",".png","534435","17/07/2025 3:07:42 PM"
"images/brands/stax/women/airlyte/full-length_tights/02.png","02.png",".png","287543","17/07/2025 3:08:25 PM"
"images/brands/stax/women/airlyte/mini_biker_shorts/01.png","01.png",".png","411627","17/07/2025 3:09:22 PM"
"images/brands/stax/women/airlyte/mini_biker_shorts/02.png","02.png",".png","335946","17/07/2025 3:10:05 PM"
"images/brands/stax/women/airlyte/ruched_tank/01.png","01.png",".png","924321","17/07/2025 3:10:44 PM"
"images/brands/stax/women/airlyte/ruched_tank/02.png","02.png",".png","524415","17/07/2025 3:11:35 PM"
"images/brands/stax/women/airlyte/ruched_tank/03.png","03.png",".png","285652","17/07/2025 3:12:18 PM"
"images/brands/stax/women/airlyte/ruched_tank/04.png","04.png",".png","299321","17/07/2025 3:13:00 PM"
"images/brands/stax/women/airlyte/ruched_tank/05.png","05.png",".png","302218","17/07/2025 3:13:38 PM"
"images/brands/stax/women/airlyte/ruched_tank/06.png","06.png",".png","277873","17/07/2025 3:14:26 PM"
"images/brands/stax/women/airlyte/ruched_tank/07.png","07.png",".png","258828","17/07/2025 3:15:15 PM"
"images/brands/stax/women/airlyte/ruched_tank/08.png","08.png",".png","292421","17/07/2025 3:15:56 PM"
"images/brands/stax/women/airlyte/ruched_tank/09.png","09.png",".png","238360","17/07/2025 3:16:40 PM"
"images/brands/stax/women/airlyte/ruched_tank/10.png","10.png",".png","227000","17/07/2025 3:17:23 PM"
"images/brands/stax/women/airlyte/ruched_tank/11.png","11.png",".png","164606","17/07/2025 3:18:02 PM"
"images/brands/stax/women/airlyte/ruched_tank/12.png","12.png",".png","186117","17/07/2025 3:18:39 PM"
"images/brands/stax/women/airlyte/wrap-longsleeve/01.png","01.png",".png","909543","17/07/2025 3:19:46 PM"
"images/brands/stax/women/airlyte/wrap-longsleeve/02.png","02.png",".png","934098","17/07/2025 3:20:42 PM"
"images/brands/stax/women/airlyte/wrap-longsleeve/03.png","03.png",".png","281237","17/07/2025 3:21:30 PM"
"images/brands/stax/women/nandex/adira_crop/01.png","01.png",".png","1735331","17/07/2025 4:30:35 PM"
"images/brands/stax/women/nandex/adira_crop/02.png","02.png",".png","559151","17/07/2025 4:31:26 PM"
"images/brands/stax/women/nandex/adira_crop/03.png","03.png",".png","196161","17/07/2025 4:32:12 PM"
"images/brands/stax/women/nandex/adira_crop/04.png","04.png",".png","137388","17/07/2025 4:32:48 PM"
"images/brands/stax/women/nandex/flex_crop/01.png","01.png",".png","535203","17/07/2025 4:39:23 PM"
"images/brands/stax/women/nandex/flex_crop/02.png","02.png",".png","2230925","17/07/2025 4:40:13 PM"
"images/brands/stax/women/nandex/flex_crop/03.png","03.png",".png","675820","17/07/2025 4:40:58 PM"
"images/brands/stax/women/nandex/flex_crop/04.png","04.png",".png","635964","17/07/2025 4:42:50 PM"
"images/brands/stax/women/nandex/strappy_crop/01.png","01.png",".png","262618","17/07/2025 4:34:59 PM"
"images/brands/stax/women/nandex/strappy_crop/02.png","02.png",".png","1158783","17/07/2025 4:35:53 PM"
"images/brands/stax/women/nandex/strappy_crop/03.png","03.png",".png","595048","17/07/2025 4:36:39 PM"
"images/brands/stax/women/nandex/strappy_crop/04.png","04.png",".png","555833","17/07/2025 4:37:31 PM"
"images/brands/stax/women/nandex/venus_skirt/01.mp4","01.mp4",".mp4","3902594","17/07/2025 4:01:33 PM"
"images/brands/stax/women/nandex/venus_skirt/02.png","02.png",".png","1296730","17/07/2025 4:21:15 PM"
"images/brands/stax/women/nandex/venus_skirt/03.png","03.png",".png","869397","17/07/2025 4:22:17 PM"
"images/brands/stax/women/nandex/venus_skirt/04.png","04.png",".png","1018286","17/07/2025 4:23:05 PM"
"images/brands/stax/women/nandex/venus_skirt/05.png","05.png",".png","808106","17/07/2025 4:23:53 PM"
"images/brands/stax/women/nandex/venus_skirt/06.png","06.png",".png","824459","17/07/2025 4:24:40 PM"
"images/brands/stax/women/nandex/venus_skirt/07.png","07.png",".png","567676","17/07/2025 4:25:25 PM"
"images/brands/stax/women/nandex/venus_skirt/08.png","08.png",".png","359099","17/07/2025 4:28:56 PM"
"images/brands/stax/women/nandex/v_front-crop/01.png","01.png",".png","1032740","17/07/2025 3:23:37 PM"
"images/brands/stax/women/nandex/v_front-crop/02.png","02.png",".png","499801","17/07/2025 3:24:25 PM"
"images/brands/stax/women/nandex/v_front-crop/03.png","03.png",".png","340621","17/07/2025 3:25:16 PM"
"images/brands/stax/women/nandex/v_front-crop/04.png","04.png",".png","535574","17/07/2025 3:26:04 PM"
"images/brands/stax/women/nandex/v_front-crop/05.png","05.png",".png","287769","17/07/2025 3:26:58 PM"
"images/brands/stax/women/nandex/v_front-crop/06.png","06.png",".png","313388","17/07/2025 3:27:45 PM"
"images/brands/stax/women/second_left_seamless_campaign/biker_shorts/01.png","01.png",".png","346859","17/07/2025 3:28:56 PM"
"images/brands/stax/women/second_left_seamless_campaign/biker_shorts/02.png","02.png",".png","569257","17/07/2025 3:29:37 PM"
"images/brands/stax/women/second_left_seamless_campaign/biker_shorts/03.png","03.png",".png","1421728","17/07/2025 3:30:27 PM"
"images/brands/stax/women/second_left_seamless_campaign/biker_shorts/04.png","04.png",".png","391182","17/07/2025 3:31:09 PM"
"images/brands/stax/women/second_left_seamless_campaign/biker_shorts/05.png","05.png",".png","6847206","17/07/2025 3:32:07 PM"
"images/brands/stax/women/second_left_seamless_campaign/biker_shorts/06.mp4","06.mp4",".mp4","2551227","4/06/2025 9:30:05 AM"
"images/brands/stax/women/second_left_seamless_campaign/bralette/01.png","01.png",".png","244436","17/07/2025 3:33:53 PM"
"images/brands/stax/women/second_left_seamless_campaign/bralette/02.png","02.png",".png","322286","17/07/2025 3:34:24 PM"
"images/brands/stax/women/second_left_seamless_campaign/bralette/03.png","03.png",".png","1543620","17/07/2025 3:35:07 PM"
"images/brands/stax/women/second_left_seamless_campaign/bralette/04.png","04.png",".png","344660","17/07/2025 3:35:53 PM"
"images/brands/stax/women/second_left_seamless_campaign/scoop_long_sleeve/01.png","01.png",".png","1031838","17/07/2025 3:36:54 PM"
"images/brands/stax/women/second_left_seamless_campaign/scoop_long_sleeve/02.png","02.png",".png","284689","17/07/2025 3:37:30 PM"
"images/brands/stax/women/second_left_seamless_campaign/scoop_long_sleeve/03.png","03.png",".png","1619758","17/07/2025 3:38:11 PM"
"images/brands/stax/women/second_left_seamless_campaign/scoop_long_sleeve/04.png","04.png",".png","280306","17/07/2025 3:38:56 PM"
"images/brands/stax/women/second_left_seamless_campaign/scoop_long_sleeve/05.png","05.png",".png","255529","17/07/2025 3:39:38 PM"
"images/brands/stax/women/second_left_seamless_campaign/scoop_long_sleeve/06.mp4","06.mp4",".mp4","7367494","3/06/2025 11:20:27 AM"
"images/brands/underarmour/kids/girls/sports_bra/ua_crossback/01.png","01.png",".png","1927005","17/07/2025 6:13:40 PM"
"images/brands/underarmour/kids/girls/sports_bra/ua_crossback/02.png","02.png",".png","2104885","17/07/2025 6:14:45 PM"
"images/brands/underarmour/kids/girls/sports_bra/ua_crossback/03.png","03.png",".png","3548399","17/07/2025 6:15:40 PM"
"images/brands/underarmour/kids/girls/sports_bra/ua_crossback/04.png","04.png",".png","2530003","17/07/2025 6:19:09 PM"
"images/brands/underarmour/kids/girls/sports_bra/ua_crossback/05.png","05.png",".png","2909457","17/07/2025 6:16:37 PM"
"images/brands/underarmour/men/poly_tracksuit/01.png","01.png",".png","844145","17/07/2025 6:31:40 PM"
"images/brands/underarmour/men/poly_tracksuit/02.png","02.png",".png","481496","17/07/2025 6:32:27 PM"
"images/brands/underarmour/men/poly_tracksuit/03.png","03.png",".png","910642","17/07/2025 6:33:09 PM"
"images/brands/underarmour/men/poly_tracksuit/04.png","04.png",".png","433046","17/07/2025 6:34:06 PM"
"images/brands/underarmour/men/poly_tracksuit/05.png","05.png",".png","884504","17/07/2025 6:34:55 PM"
"images/brands/underarmour/men/poly_tracksuit/06.png","06.png",".png","343208","17/07/2025 6:36:09 PM"
"images/brands/underarmour/men/poly_tracksuit/07.png","07.png",".png","276554","17/07/2025 6:37:06 PM"
"images/brands/underarmour/men/ua_storm_vanish_track_pants/01.png","01.png",".png","1249089","17/07/2025 7:50:48 PM"
"images/brands/underarmour/men/ua_storm_vanish_track_pants/02.png","02.png",".png","387024","17/07/2025 7:51:30 PM"
"images/brands/underarmour/men/ua_storm_vanish_track_pants/03.png","03.png",".png","747159","17/07/2025 7:52:09 PM"
"images/brands/underarmour/men/ua_storm_vanish_track_pants/04.png","04.png",".png","370457","17/07/2025 7:52:50 PM"
"images/brands/underarmour/men/ua_storm_vanish_track_pants/05.png","05.png",".png","640477","17/07/2025 7:53:33 PM"
"images/brands/underarmour/video/basketball.mp4","basketball.mp4",".mp4","26525354","5/06/2025 3:24:09 PM"
"images/brands/underarmour/women/wordmark_strappy_sports_bra/01.png","01.png",".png","1025497","17/07/2025 11:01:57 PM"
"images/brands/underarmour/women/wordmark_strappy_sports_bra/02.png","02.png",".png","546550","17/07/2025 11:02:38 PM"
"images/brands/underarmour/women/wordmark_strappy_sports_bra/03.png","03.png",".png","547060","17/07/2025 11:03:11 PM"
"images/brands/underarmour/women/wordmark_strappy_sports_bra/04.png","04.png",".png","865491","17/07/2025 11:03:47 PM"
"images/brands/underarmour/women/wordmark_strappy_sports_bra/05.png","05.png",".png","233349","17/07/2025 11:04:41 PM"
"images/brands/wilson/men/chico_lachowski.mp4","chico_lachowski.mp4",".mp4","29022390","4/06/2025 3:16:58 PM"
"images/brands/wilson/men/active_set/parkside_crew/01.png","01.png",".png","660771","5/06/2025 6:48:09 PM"
"images/brands/wilson/men/active_set/parkside_crew/02.png","02.png",".png","783473","17/07/2025 10:20:46 PM"
"images/brands/wilson/men/active_set/parkside_crew/03.png","03.png",".png","543169","17/07/2025 10:21:52 PM"
"images/brands/wilson/men/active_set/parkside_crew/04.png","04.png",".png","624278","17/07/2025 10:22:47 PM"
"images/brands/wilson/men/active_set/tournament_shirt/01.png","01.png",".png","900711","17/07/2025 10:07:08 PM"
"images/brands/wilson/men/active_set/tournament_shirt/02.png","02.png",".png","789440","17/07/2025 10:07:55 PM"
"images/brands/wilson/men/active_set/tournament_shirt/03.png","03.png",".png","1048747","17/07/2025 10:08:40 PM"
"images/brands/wilson/men/active_set/tournament_shirt/04.png","04.png",".png","2335302","17/07/2025 10:09:19 PM"
"images/brands/wilson/men/active_set/tournament_shirt/05.png","05.png",".png","2341595","17/07/2025 10:10:05 PM"
"images/brands/wilson/men/active_set/tournament_shorts/01.png","01.png",".png","436319","17/07/2025 10:19:03 PM"
"images/brands/wilson/men/active_set/tournament_shorts/02.png","02.png",".png","1708771","17/07/2025 10:13:40 PM"
"images/brands/wilson/men/active_set/tournament_shorts/03.png","03.png",".png","2075614","17/07/2025 10:14:24 PM"
"images/brands/wilson/men/active_set/tournament_shorts/04.png","04.png",".png","897626","17/07/2025 10:15:11 PM"
"images/brands/wilson/men/active_set/tournament_shorts/05.png","05.png",".png","1380903","17/07/2025 10:16:03 PM"
"images/brands/wilson/unisex/01.png","01.png",".png","705437","17/07/2025 10:33:22 PM"
"images/brands/wilson/unisex/02.png","02.png",".png","938746","17/07/2025 10:34:22 PM"
"images/brands/wilson/unisex/03.png","03.png",".png","577907","17/07/2025 10:35:05 PM"
"images/brands/wilson/unisex/04.png","04.png",".png","808525","17/07/2025 10:36:04 PM"
"images/brands/wilson/unisex/05.png","05.png",".png","556026","17/07/2025 10:37:15 PM"
"images/brands/wilson/unisex/feel_in_flow.mp4","feel_in_flow.mp4",".mp4","42793460","5/06/2025 8:57:22 PM"
"images/brands/wilson/unisex/french_clay.mp4","french_clay.mp4",".mp4","12589494","5/06/2025 7:46:45 PM"
"images/brands/wilson/unisex/rf_collection/pro_classic/01/a.png","a.png",".png","592332","16/07/2025 1:06:53 AM"
"images/brands/wilson/unisex/rf_collection/pro_classic/01/b.png","b.png",".png","1881142","16/07/2025 1:08:40 AM"
"images/brands/wilson/unisex/rf_collection/pro_classic/01/c.png","c.png",".png","487859","16/07/2025 1:07:43 AM"
"images/brands/wilson/unisex/rf_collection/pro_classic/01/d.png","d.png",".png","1454236","16/07/2025 1:09:50 AM"
"images/brands/wilson/unisex/rf_collection/pro_classic/01/youtube.mp4","youtube.mp4",".mp4","45412579","16/07/2025 12:58:08 AM"
"images/brands/wilson/video/rf_01-pro_classic-youtube.mp4","rf_01-pro_classic-youtube.mp4",".mp4","45412579","16/07/2025 12:58:08 AM"
"images/brands/wilson/video/rf_collection_by_wilson-06_secs-youtube.mp4","rf_collection_by_wilson-06_secs-youtube.mp4",".mp4","4158325","16/07/2025 12:37:50 AM"
"images/icons/call_24dp_FFFFFF_FILL0_wght400_GRAD0_opsz24.svg","call_24dp_FFFFFF_FILL0_wght400_GRAD0_opsz24.svg",".svg","487","19/05/2025 12:45:09 PM"
"images/icons/close_24dp_FFFFFF_FILL0_wght400_GRAD0_opsz24.svg","close_24dp_FFFFFF_FILL0_wght400_GRAD0_opsz24.svg",".svg","222","5/05/2025 12:02:47 PM"
"images/icons/login_24dp_FFFFFF_FILL0_wght400_GRAD0_opsz24.svg","login_24dp_FFFFFF_FILL0_wght400_GRAD0_opsz24.svg",".svg","278","9/04/2025 10:58:44 PM"
"images/icons/menu_24dp_FFFFFF_FILL0_wght400_GRAD0_opsz24.svg","menu_24dp_FFFFFF_FILL0_wght400_GRAD0_opsz24.svg",".svg","193","5/05/2025 11:37:08 AM"
"images/icons/production_quantity_limits_24dp_FFFFFF_FILL0_wght400_GRAD0_opsz24.svg","production_quantity_limits_24dp_FFFFFF_FILL0_wght400_GRAD0_opsz24.svg",".svg","582","5/05/2025 8:45:06 PM"
"images/icons/search_24dp_FFFFFF_FILL0_wght400_GRAD0_opsz24.svg","search_24dp_FFFFFF_FILL0_wght400_GRAD0_opsz24.svg",".svg","376","5/05/2025 11:25:33 AM"
"images/icons/shopping_cart_24dp_FFFFFF_FILL0_wght400_GRAD0_opsz24.svg","shopping_cart_24dp_FFFFFF_FILL0_wght400_GRAD0_opsz24.svg",".svg","511","5/05/2025 11:23:49 AM"
"images/icons/social_apps/Facebook_Logo_Secondary.svg","Facebook_Logo_Secondary.svg",".svg","575","19/05/2025 11:13:30 AM"
"images/icons/social_apps/Instagram_Glyph_White.svg","Instagram_Glyph_White.svg",".svg","1819","19/05/2025 10:35:52 AM"
"images/icons/social_apps/Messenger_Icon_Secondary_White.svg","Messenger_Icon_Secondary_White.svg",".svg","809","19/05/2025 10:31:06 AM"
"images/icons/social_apps/WhatsApp-Digital_Glyph_White.svg","WhatsApp-Digital_Glyph_White.svg",".svg","1963","19/05/2025 10:33:29 AM"
"images/logos/01.png","01.png",".png","6610","17/07/2025 10:00:31 PM"
"images/logos/02.png","02.png",".png","29710","17/07/2025 10:01:58 PM"
"images/logos/adidas-currentColor.svg","adidas-currentColor.svg",".svg","3479","10/04/2025 7:46:20 AM"
"images/logos/AdobeStock_583381948 [Converted].svg","AdobeStock_583381948 [Converted].svg",".svg","260502","17/06/2025 11:30:43 PM"
"images/logos/ally_fashion.html","ally_fashion.html",".html","28311","2/06/2025 2:12:46 PM"
"images/logos/asics-currentColor.svg","asics-currentColor.svg",".svg","2976","10/04/2025 7:51:58 AM"
"images/logos/ChatGPT Image Jun 14, 2025, 08_03_34 PM.png","ChatGPT Image Jun 14, 2025, 08_03_34 PM.png",".png","1255507","14/06/2025 8:03:37 PM"
"images/logos/new_balance-currentColor.svg","new_balance-currentColor.svg",".svg","7738","10/04/2025 7:10:12 AM"
"images/logos/nike-currentColor.svg","nike-currentColor.svg",".svg","966","10/04/2025 6:22:46 AM"
"images/logos/puma-currentColor.svg","puma-currentColor.svg",".svg","3496","10/04/2025 7:55:46 AM"
"images/logos/reebok-currentColor.svg","reebok-currentColor.svg",".svg","6191","10/04/2025 8:12:00 AM"
"images/logos/self_portrait-ring_fadeout.png","self_portrait-ring_fadeout.png",".png","361376","14/06/2025 8:17:21 PM"
"images/logos/shopping-bag-with-sw - powerpoint.svg","shopping-bag-with-sw - powerpoint.svg",".svg","3365","17/06/2025 11:13:34 PM"
"images/logos/shopping-bag-with-sw.svg","shopping-bag-with-sw.svg",".svg","3365","17/06/2025 10:56:17 PM"
"images/logos/sports-warehouse-favicon.ico","sports-warehouse-favicon.ico",".ico","132613","26/05/2025 1:13:19 AM"
"images/logos/sports-warehouse-logo-sw-recommended_apple_size.png","sports-warehouse-logo-sw-recommended_apple_size.png",".png","11346","12/04/2025 10:45:10 AM"
"images/logos/sports-warehouse-logo-sw-stroke.svg","sports-warehouse-logo-sw-stroke.svg",".svg","1073","26/05/2025 12:05:52 AM"
"images/logos/sports-warehouse-logo-sw.ico","sports-warehouse-logo-sw.ico",".ico","15406","8/03/2025 12:34:16 PM"
"images/logos/sports-warehouse-logo-sw.png","sports-warehouse-logo-sw.png",".png","14263","8/03/2025 11:44:22 AM"
"images/logos/sports-warehouse-logo.svg","sports-warehouse-logo.svg",".svg","8043","25/05/2025 11:34:53 PM"
"images/logos/sports_warehouse_circle_sw_white_ring_highlight.png","sports_warehouse_circle_sw_white_ring_highlight.png",".png","300243","14/06/2025 6:50:02 PM"
"images/logos/sports_warehouse_circle_with_sw.png","sports_warehouse_circle_with_sw.png",".png","129295","14/06/2025 6:10:32 PM"
"images/logos/under_armour-currentColor.svg","under_armour-currentColor.svg",".svg","6029","10/04/2025 7:59:46 AM"
"images/logos/wilson-currentColor.svg","wilson-currentColor.svg",".svg","10010","10/04/2025 8:06:52 AM"
"images/placeholders/product_missing.svg","product_missing.svg",".svg","6434","1/09/2025 5:13:42 PM"
"images/plus_size/banners/curvy-woman-boxing-personal-trainer.jpeg","curvy-woman-boxing-personal-trainer.jpeg",".jpeg","1093991","8/06/2025 11:20:02 PM"
"images/plus_size/banners/gym.jpeg","gym.jpeg",".jpeg","14841636","8/06/2025 11:15:57 PM"
"images/plus_size/banners/women-body_positive-activewear-hugging-smiling.png","women-body_positive-activewear-hugging-smiling.png",".png","13551199","17/07/2025 9:46:49 PM"
"images/plus_size/video/mom-daughter.mp4","mom-daughter.mp4",".mp4","4227228","9/06/2025 1:27:08 AM"
"inc/catalog-query.php","catalog-query.php",".php","10916","12/09/2025 3:50:12 PM"
"inc/color-groups.php","color-groups.php",".php","999","8/09/2025 12:33:41 PM"
"inc/color-normalize.php","color-normalize.php",".php","1328","8/09/2025 9:59:06 AM"
"inc/color-where.php","color-where.php",".php","2903","11/09/2025 6:30:43 AM"
"inc/filter-ui.php","filter-ui.php",".php","1793","26/08/2025 1:26:00 PM"
"inc/footer.php","footer.php",".php","45120","20/08/2025 10:38:56 PM"
"inc/header.php","header.php",".php","15296","4/07/2025 3:28:20 PM"
"inc/hero.php","hero.php",".php","8635","2/09/2025 10:22:34 PM"
"inc/image-headroom.php","image-headroom.php",".php","1104","12/09/2025 12:06:59 PM"
"inc/image-picker.php","image-picker.php",".php","1888","12/09/2025 12:07:36 PM"
"inc/site-config.php","site-config.php",".php","10899","20/08/2025 7:54:13 PM"
"inc/cards/product-grid.php","product-grid.php",".php","12521","12/09/2025 3:23:37 PM"
"inc/cards/utils.php","utils.php",".php","11008","6/09/2025 10:42:59 AM"
"inc/filters/color-facets.php","color-facets.php",".php","9912","11/09/2025 6:40:37 AM"
"inc/sidebar/layout.php","layout.php",".php","990","1/08/2025 9:40:58 AM"
"inc/sidebar/adidas/carousel-bundle-hero.php","carousel-bundle-hero.php",".php","3410","1/08/2025 2:43:21 PM"
"inc/sidebar/adidas/hyperglam.php","hyperglam.php",".php","5735","1/08/2025 2:33:31 PM"
"inc/sidebar/adidas/jennie.php","jennie.php",".php","5318","1/08/2025 2:33:34 PM"
"inc/sidebar/adidas/kids.php","kids.php",".php","3281","1/08/2025 2:33:37 PM"
"inc/sidebar/adidas/mens.php","mens.php",".php","2675","1/08/2025 2:33:40 PM"
"issues/bug-home-runtime.md","bug-home-runtime.md",".md","0","16/08/2025 11:52:58 PM"
"js/dark-mode.js","dark-mode.js",".js","338","5/08/2025 3:29:22 PM"
"js/filter-ui.js","filter-ui.js",".js","6553","26/08/2025 9:21:48 PM"
"js/image-lazy.js","image-lazy.js",".js","563","5/08/2025 3:28:22 PM"
"js/orientation-utils.js","orientation-utils.js",".js","1347","5/08/2025 2:55:16 PM"
"js/site-ui.js","site-ui.js",".js","9629","17/08/2025 11:52:37 PM"
"logs/missing-images.log","missing-images.log",".log","10508","16/09/2025 2:21:21 PM"
"logs/sw-debug.log","sw-debug.log",".log","89474","11/09/2025 7:24:09 AM"
"scripts/color-tag-images.php","color-tag-images.php",".php","14600","8/09/2025 11:36:28 AM"
"scripts/generate-item-orientations.php","generate-item-orientations.php",".php","2327","19/08/2025 10:08:04 PM"
"scripts/git-hygiene.bat","git-hygiene.bat",".bat","2924","17/08/2025 10:21:12 AM"
"scripts/git-hygiene.ps1","git-hygiene.ps1",".ps1","3689","17/08/2025 10:27:53 AM"
"scripts/import_orientations.php","import_orientations.php",".php","4165","30/08/2025 1:30:35 PM"
"scripts/item_orientations.csv","item_orientations.csv",".csv","891","5/08/2025 8:05:41 PM"
"scripts/item_orientations_adidas.csv","item_orientations_adidas.csv",".csv","69","7/08/2025 12:25:28 PM"
"scripts/rebuild-image-meta.php","rebuild-image-meta.php",".php","4030","19/08/2025 10:59:46 PM"
"scripts/run-category-sync.ps1","run-category-sync.ps1",".ps1","0","16/08/2025 9:17:53 PM"
"scripts/run-category-sync.sh","run-category-sync.sh",".sh","0","16/08/2025 9:17:53 PM"
"scripts/update-orientations.php","update-orientations.php",".php","4393","19/08/2025 10:09:04 PM"
"sql/category-sync/apply.sql","apply.sql",".sql","2401","17/08/2025 12:00:27 AM"
"sql/category-sync/audit.sql","audit.sql",".sql","2272","17/08/2025 12:00:50 AM"
"sql/category-sync/dry-run.sql","dry-run.sql",".sql","1369","17/08/2025 12:00:05 AM"
"sql/category-sync/open_in_dbeaver.bat","open_in_dbeaver.bat",".bat","490","17/08/2025 12:06:12 AM"
"sql/category-sync/run_all.bat","run_all.bat",".bat","3900","17/08/2025 12:05:51 AM"
"tests/local-only/.htaccess",".htaccess",".htaccess","40","17/08/2025 9:46:23 AM"
"tests/local-only/dbtest.php","dbtest.php",".php","1426","17/08/2025 12:53:24 AM"
"tests/local-only/phpinfo.php","phpinfo.php",".php","53","17/08/2025 12:42:24 AM"
"tools/score_headroom_mediapipe_v2.py","score_headroom_mediapipe_v2.py",".py","8227","12/09/2025 11:54:51 AM"
"uploads/.gitkeep",".gitkeep",".gitkeep","0","17/08/2025 9:58:31 AM"
"wp-content/uploads/.gitkeep",".gitkeep",".gitkeep","0","17/08/2025 10:00:42 AM"
"_exports/relevant-files.zip","relevant-files.zip",".zip","33326","8/09/2025 2:38:55 PM"
"_exports/SportsWarehouse_code-manifest_2025-08-31.csv","SportsWarehouse_code-manifest_2025-08-31.csv",".csv","7945","31/08/2025 9:41:00 AM"
"_exports/SportsWarehouse_code-pack_2025-08-30.zip","SportsWarehouse_code-pack_2025-08-30.zip",".zip","158407","30/08/2025 6:50:02 PM"
"_exports/SportsWarehouse_code-pack_2025-08-31.zip","SportsWarehouse_code-pack_2025-08-31.zip",".zip","158407","31/08/2025 9:40:59 AM"
"_exports/SportsWarehouse_code-pack_2025-09-12_18-22.zip","SportsWarehouse_code-pack_2025-09-12_18-22.zip",".zip","4675","12/09/2025 6:24:43 PM"
"_exports/SportsWarehouse_code-pack_2025-09-12_18-26.zip","SportsWarehouse_code-pack_2025-09-12_18-26.zip",".zip","11933798","12/09/2025 6:26:32 PM"
"_exports/SportsWarehouse_dev-pack_2025-09-12_19-07.zip","SportsWarehouse_dev-pack_2025-09-12_19-07.zip",".zip","82830","12/09/2025 7:07:17 PM"
"_exports/SportsWarehouse_file-list_2025-08-31.txt","SportsWarehouse_file-list_2025-08-31.txt",".txt","1650","31/08/2025 9:41:00 AM"
"_tools/export-code-with-structure.ps1","export-code-with-structure.ps1",".ps1","2945","31/08/2025 9:35:40 AM"
"_tools/score_headroom_mediapipe.py","score_headroom_mediapipe.py",".py","2978","11/09/2025 10:28:06 AM"
