"RelativePath","Extension","SizeKB","LastWriteTime"
".devcontainer\devcontainer.json",".json","1.2","17/08/2025 12:20:33 AM"
".devcontainer\Dockerfile","","1","17/08/2025 12:21:38 AM"
".devcontainer\php-dev.ini",".ini","0.2","17/08/2025 12:22:44 AM"
".env.example",".example","0.1","16/08/2025 11:55:13 PM"
".htaccess",".htaccess","0.4","21/08/2025 10:09:02 PM"
"_exports\relevant-files.zip",".zip","32.5","8/09/2025 2:38:55 PM"
"_exports\SportsWarehouse_code-manifest_2025-08-31.csv",".csv","7.8","31/08/2025 9:41:00 AM"
"_exports\SportsWarehouse_code-pack_2025-08-30.zip",".zip","154.7","30/08/2025 6:50:02 PM"
"_exports\SportsWarehouse_code-pack_2025-08-31.zip",".zip","154.7","31/08/2025 9:40:59 AM"
"_exports\SportsWarehouse_file-list_2025-08-31.txt",".txt","1.6","31/08/2025 9:41:00 AM"
"_tools\export-code-with-structure.ps1",".ps1","2.9","31/08/2025 9:35:40 AM"
"category.php",".php","2.2","4/07/2025 2:39:19 PM"
"config\color.php",".php","0.5","8/09/2025 9:57:56 AM"
"css\base.css",".css","4.7","31/08/2025 1:52:59 PM"
"css\components\button.css",".css","4.5","16/05/2025 10:57:43 AM"
"css\components\cards\base.css",".css","7.6","2/09/2025 12:39:40 PM"
"css\components\cards\layout.css",".css","2.1","24/08/2025 12:06:10 PM"
"css\components\cards\responsiveness.css",".css","1","5/08/2025 9:58:08 PM"
"css\components\filter.css",".css","8.6","8/09/2025 12:53:28 PM"
"css\components\md3-overrides.css",".css","2","18/05/2025 12:28:02 PM"
"css\components\modal.css",".css","1.4","17/08/2025 11:11:21 PM"
"css\components\pill.css",".css","1.8","25/05/2025 11:42:57 PM"
"css\components\themes.css",".css","4.9","5/08/2025 5:30:20 PM"
"css\header.css",".css","18.8","29/05/2025 2:07:49 PM"
"css\main.css",".css","27.5","24/08/2025 3:12:10 PM"
"currentstate.zip",".zip","52.2","4/07/2025 3:35:28 PM"
"db.php",".php","0.8","30/08/2025 10:08:14 AM"
"db\sportswh_dump.sql",".sql","142.3","15/08/2025 11:09:15 AM"
"db\sportswh_dump_sanitized.sql",".sql","70.7","15/08/2025 11:14:23 AM"
"db\sportswh_seed.sql",".sql","0.4","17/08/2025 12:46:46 AM"
"demo-cards.html",".html","4.9","14/08/2025 5:53:01 PM"
"docker-compose.yml",".yml","0.8","17/08/2025 8:57:45 AM"
"docs\ai-context\2025-7-31-Content_Planning_Document_for_the_Adidas_Showcase.docx",".docx","11510.9","1/08/2025 2:49:16 PM"
"docs\ai-context\2025-8-17-ai-usage-guide.pdf",".pdf","5","17/08/2025 4:28:46 PM"
"docs\ai-context\2025-8-17-Mixed-Aspect-Ratio_Product_Cards_and_Detail_View.md",".md","9.4","18/08/2025 10:36:58 AM"
"docs\ai-context\2025-8-17-Mixed-Aspect-Ratio_Product_Cards_and_Detail_View.pdf",".pdf","44.2","17/08/2025 10:00:11 PM"
"docs\ai-context\2025-8-17-Sports_Warehouse_Status_Report.pdf",".pdf","4","17/08/2025 2:27:59 PM"
"docs\ai-context\content-planning-document.md",".md","3.2","18/08/2025 10:46:44 AM"
"docs\ai-context\ddl.md",".md","3.3","18/08/2025 11:55:19 AM"
"docs\ai-context\MASTER.md",".md","6.5","19/08/2025 9:45:11 AM"
"docs\ai-context\pack-a.md",".md","3.1","19/08/2025 10:21:36 AM"
"docs\ai-context\site-structure.md",".md","20.2","18/08/2025 11:29:09 AM"
"docs\ai-usage.md",".md","1.7","17/08/2025 4:31:45 PM"
"docs\Category-Sync-Runbook.md",".md","0","16/08/2025 9:17:53 PM"
"example.php",".php","0.2","13/06/2025 4:30:07 PM"
"hello.html",".html","0.1","2/06/2025 8:35:57 PM"
"image-list.txt",".txt","27.4","11/07/2025 11:07:00 AM"
"images\adobestock_414079274-soccer_ball_and_field.jpeg",".jpeg","3147.5","7/05/2025 3:59:00 PM"
"images\adobestock_536942588-ellipse.png",".png","93.1","7/05/2025 8:50:22 PM"
"images\brands\adidas\banners\01-urban.png",".png","1400.6","5/06/2025 9:44:55 AM"
"images\brands\adidas\banners\kids\01.png",".png","471","8/06/2025 3:03:10 PM"
"images\brands\adidas\banners\men\urban\01.png",".png","1400.6","5/06/2025 9:44:55 AM"
"images\brands\adidas\banners\men\urban\02.png",".png","2040.8","8/06/2025 2:56:15 PM"
"images\brands\adidas\banners\men\urban\03.png",".png","1125.6","8/06/2025 2:59:10 PM"
"images\brands\adidas\banners\women\blackpink\jennie\superstar-the_original\01.png",".png","2056.3","21/07/2025 5:02:07 PM"
"images\brands\adidas\banners\women\blackpink\jennie\superstar-the_original\02.png",".png","2315.9","21/07/2025 5:02:51 PM"
"images\brands\adidas\banners\women\blackpink\jennie\superstar-the_original\03.png",".png","997.4","21/07/2025 5:03:51 PM"
"images\brands\adidas\banners\women\blackpink\jennie\superstar-the_original\04.png",".png","2291.6","21/07/2025 5:05:29 PM"
"images\brands\adidas\banners\women\blackpink\jennie\superstar-the_original\05.png",".png","240.4","21/07/2025 5:25:57 PM"
"images\brands\adidas\banners\women\blackpink\jennie\superstar-the_original\06.png",".png","2370.4","1/08/2025 10:40:51 AM"
"images\brands\adidas\banners\women\streetwear.png",".png","3289.6","8/06/2025 3:36:05 PM"
"images\brands\adidas\kids\marvel-spider_man\backpack\01.png",".png","346.8","23/07/2025 10:16:22 AM"
"images\brands\adidas\kids\marvel-spider_man\backpack\02.png",".png","305.9","23/07/2025 10:17:39 AM"
"images\brands\adidas\kids\marvel-spider_man\backpack\03.png",".png","317.4","23/07/2025 10:18:15 AM"
"images\brands\adidas\kids\marvel-spider_man\backpack\04.png",".png","283","23/07/2025 10:19:33 AM"
"images\brands\adidas\kids\marvel-spider_man\backpack\05.png",".png","1185.7","23/07/2025 10:20:02 AM"
"images\brands\adidas\kids\marvel-spider_man\banner\global_disney_marvel_superheroes-launch\01.png",".png","2564.6","19/07/2025 4:07:48 PM"
"images\brands\adidas\kids\marvel-spider_man\banner\global_disney_marvel_superheroes-launch\02.png",".png","10696.5","19/07/2025 4:04:22 PM"
"images\brands\adidas\kids\marvel-spider_man\tracksuit\01.png",".png","1215.3","17/07/2025 8:12:07 PM"
"images\brands\adidas\kids\marvel-spider_man\tracksuit\02.png",".png","1067.8","17/07/2025 8:13:06 PM"
"images\brands\adidas\kids\marvel-spider_man\tracksuit\03.png",".png","638.3","17/07/2025 8:14:10 PM"
"images\brands\adidas\kids\marvel-spider_man\tracksuit\04.png",".png","387","17/07/2025 8:15:02 PM"
"images\brands\adidas\kids\marvel-spider_man\trainers-light_up\01.png",".png","1681.7","19/07/2025 4:01:39 PM"
"images\brands\adidas\kids\marvel-spider_man\t-shirt\01.png",".png","530.4","19/07/2025 3:58:50 PM"
"images\brands\adidas\kids\marvel-spider_man\t-shirt\02.png",".png","2657.3","19/07/2025 4:29:20 PM"
"images\brands\adidas\men\3-stripes\running_tee\01.png",".png","472","17/07/2025 8:17:28 PM"
"images\brands\adidas\men\campus_sneakers\01.png",".png","394.3","28/07/2025 6:30:20 PM"
"images\brands\adidas\men\campus_sneakers\02.png",".png","415.1","28/07/2025 6:31:04 PM"
"images\brands\adidas\men\campus_sneakers\03.png",".png","380.2","28/07/2025 6:31:50 PM"
"images\brands\adidas\men\campus_sneakers\04.png",".png","511","28/07/2025 6:32:22 PM"
"images\brands\adidas\men\campus_sneakers\05.png",".png","270.9","28/07/2025 6:33:09 PM"
"images\brands\adidas\men\campus_sneakers\06.png",".png","232.7","28/07/2025 6:34:05 PM"
"images\brands\adidas\men\poly_linear_full_zip_hoodie_and_pants\01.png",".png","858.4","17/07/2025 6:22:46 PM"
"images\brands\adidas\men\poly_linear_full_zip_hoodie_and_pants\02.png",".png","494","17/07/2025 6:23:38 PM"
"images\brands\adidas\men\poly_linear_full_zip_hoodie_and_pants\03.png",".png","596.7","17/07/2025 6:24:24 PM"
"images\brands\adidas\men\poly_linear_full_zip_hoodie_and_pants\04.png",".png","291.8","17/07/2025 6:25:20 PM"
"images\brands\adidas\men\poly_linear_full_zip_hoodie_and_pants\05.png",".png","934.1","17/07/2025 6:25:57 PM"
"images\brands\adidas\men\poly_linear_full_zip_hoodie_and_pants\06.png",".png","464.3","17/07/2025 6:26:47 PM"
"images\brands\adidas\men\poly_linear_full_zip_hoodie_and_pants\07.png",".png","1104.2","17/07/2025 6:27:26 PM"
"images\brands\adidas\men\poly_linear_full_zip_hoodie_and_pants\08.png",".png","485.9","17/07/2025 6:28:14 PM"
"images\brands\adidas\men\poly_linear_full_zip_hoodie_and_pants\09.png",".png","308.9","17/07/2025 6:29:02 PM"
"images\brands\adidas\other\UEFA_Euro16-Top_Glider_Ball.png",".png","271.2","15/07/2025 7:41:28 PM"
"images\brands\adidas\videos\jennie-blackpink.mp4",".mp4","4918.4","21/07/2025 2:42:16 PM"
"images\brands\adidas\videos\tubetop.mp4",".mp4","509.6","21/07/2025 3:12:47 PM"
"images\brands\adidas\videos\world_cup.mp4",".mp4","73835","4/06/2025 1:23:48 PM"
"images\brands\adidas\women\3-stripes\booty_shorts\01.png",".png","511.2","21/07/2025 1:38:50 PM"
"images\brands\adidas\women\3-stripes\booty_shorts\02.png",".png","958.1","21/07/2025 1:39:34 PM"
"images\brands\adidas\women\3-stripes\booty_shorts\03.png",".png","866.3","21/07/2025 1:40:23 PM"
"images\brands\adidas\women\3-stripes\booty_shorts\04.png",".png","404.3","21/07/2025 1:41:06 PM"
"images\brands\adidas\women\3-stripes\booty_shorts\05.png",".png","299.6","21/07/2025 1:41:51 PM"
"images\brands\adidas\women\3-stripes\flared_leggings\01.png",".png","131.3","17/07/2025 8:26:53 PM"
"images\brands\adidas\women\3-stripes\flared_leggings\02.png",".png","122.2","17/07/2025 8:27:57 PM"
"images\brands\adidas\women\3-stripes\hyperglam_long_sleeve_crop_top_and_full-length_leggings\01.png",".png","889.1","17/07/2025 8:21:13 PM"
"images\brands\adidas\women\3-stripes\hyperglam_long_sleeve_crop_top_and_full-length_leggings\02.png",".png","549.8","17/07/2025 8:21:52 PM"
"images\brands\adidas\women\3-stripes\hyperglam_long_sleeve_crop_top_and_full-length_leggings\03.png",".png","263.6","17/07/2025 8:22:48 PM"
"images\brands\adidas\women\3-stripes\hyperglam_long_sleeve_crop_top_and_full-length_leggings\04.png",".png","614.4","17/07/2025 8:23:34 PM"
"images\brands\adidas\women\3-stripes\hyperglam_long_sleeve_crop_top_and_full-length_leggings\05.png",".png","1200.6","17/07/2025 8:24:06 PM"
"images\brands\adidas\women\3-stripes\powerreact_training-medium_support-sports_bra\01.png",".png","248.6","17/07/2025 8:45:02 PM"
"images\brands\adidas\women\3-stripes\powerreact_training-medium_support-sports_bra\02.png",".png","365.4","17/07/2025 8:42:04 PM"
"images\brands\adidas\women\3-stripes\powerreact_training-medium_support-sports_bra\03.png",".png","379.4","17/07/2025 8:42:46 PM"
"images\brands\adidas\women\3-stripes\powerreact_training-medium_support-sports_bra\04.png",".png","365.8","17/07/2025 8:44:18 PM"
"images\brands\adidas\women\3-stripes\tights\01.png",".png","1345.2","17/07/2025 8:52:54 PM"
"images\brands\adidas\women\3-stripes\tights\02.png",".png","1947.1","17/07/2025 8:53:33 PM"
"images\brands\adidas\women\3-stripes\tube_top\01.png",".png","173.8","21/07/2025 1:29:47 PM"
"images\brands\adidas\women\3-stripes\tube_top\02.png",".png","817.9","21/07/2025 1:30:38 PM"
"images\brands\adidas\women\3-stripes\tube_top\03.png",".png","546.1","21/07/2025 1:31:33 PM"
"images\brands\adidas\women\3-stripes\tube_top\04.png",".png","70.3","21/07/2025 1:32:37 PM"
"images\brands\asics\banners\men\01-cross-country-running.jpg",".jpg","806.7","5/06/2025 9:42:18 AM"
"images\brands\asics\men\gel_training\shorts\01.png",".png","493.8","18/07/2025 8:10:53 AM"
"images\brands\asics\men\gel_training\shorts\02.png",".png","333.7","18/07/2025 8:11:30 AM"
"images\brands\asics\men\gel_training\shorts\03.png",".png","253.5","18/07/2025 8:12:08 AM"
"images\brands\asics\men\gel_training\shorts\04.png",".png","891.1","18/07/2025 8:12:35 AM"
"images\brands\asics\men\gel_training\shorts\05.png",".png","349","18/07/2025 8:13:16 AM"
"images\brands\asics\men\gel_training\Zip-Track_Top\01.png",".png","605.4","18/07/2025 8:06:22 AM"
"images\brands\asics\men\gel_training\Zip-Track_Top\02.png",".png","363.8","18/07/2025 8:07:22 AM"
"images\brands\asics\men\gel_training\Zip-Track_Top\03.png",".png","238","18/07/2025 8:08:13 AM"
"images\brands\asics\men\gel_training\Zip-Track_Top\04.png",".png","389.6","18/07/2025 8:08:49 AM"
"images\brands\asics\men\gel_training\Zip-Track_Top\05.png",".png","389","18/07/2025 8:09:49 AM"
"images\brands\asics\unisex\running_shoes\kayano_26.png",".png","252.6","15/07/2025 9:34:11 PM"
"images\brands\asics\unisex\soccer_boots\gel_lethal_tigreor_8_IT.png",".png","170.9","15/07/2025 9:45:00 PM"
"images\brands\asics\video\paris_olympics.mp4",".mp4","48065.8","5/06/2025 6:07:35 PM"
"images\brands\asos\4504-curve\sports_bra\high_support\zip-front-adjustable-straps\01.png",".png","230.1","17/07/2025 9:01:22 PM"
"images\brands\asos\4504-curve\sports_bra\high_support\zip-front-adjustable-straps\02.png",".png","358.1","17/07/2025 9:02:06 PM"
"images\brands\asos\4504-curve\sports_bra\high_support\zip-front-adjustable-straps\03.png",".png","142.3","17/07/2025 9:03:00 PM"
"images\brands\aybl\adapt_seamless\shorts\01.png",".png","728.2","18/07/2025 7:53:28 AM"
"images\brands\aybl\adapt_seamless\shorts\02.png",".png","359.3","18/07/2025 7:55:02 AM"
"images\brands\aybl\adapt_seamless\shorts\03.png",".png","397.4","18/07/2025 7:55:46 AM"
"images\brands\aybl\adapt_seamless\shorts\04.png",".png","824.6","18/07/2025 7:57:34 AM"
"images\brands\aybl\adapt_seamless\shorts\05.png",".png","874.8","18/07/2025 7:58:03 AM"
"images\brands\aybl\adapt_seamless\shorts\06.png",".png","326.8","18/07/2025 7:58:59 AM"
"images\brands\aybl\adapt_seamless\sports_bra\01.png",".png","771","18/07/2025 7:59:54 AM"
"images\brands\aybl\adapt_seamless\sports_bra\02.png",".png","385.1","18/07/2025 8:00:29 AM"
"images\brands\aybl\adapt_seamless\sports_bra\03.png",".png","469.1","18/07/2025 8:01:08 AM"
"images\brands\aybl\adapt_seamless\sports_bra\04.png",".png","975.7","18/07/2025 8:02:32 AM"
"images\brands\aybl\adapt_seamless\sports_bra\05.png",".png","1085.5","18/07/2025 8:03:26 AM"
"images\brands\aybl\adapt_seamless\sports_bra\06.png",".png","281.4","18/07/2025 8:04:12 AM"
"images\brands\designer\kate_galliano\bodysuit\bubblegum\01.png",".png","1326","17/07/2025 9:08:23 PM"
"images\brands\designer\kate_galliano\bodysuit\bubblegum\02.png",".png","1553.9","17/07/2025 9:09:12 PM"
"images\brands\designer\lisa_trujillo\kids\01-activewear.jpg",".jpg","229.8","2/06/2025 1:56:40 PM"
"images\brands\designer\lisa_trujillo\kids\banner\01.png",".png","1952.9","2/06/2025 1:58:56 PM"
"images\brands\designer\lisa_trujillo\kids\banner\02.png",".png","1562","2/06/2025 1:59:35 PM"
"images\brands\designer\lisa_trujillo\kids\banner\03.png",".png","1638","2/06/2025 2:01:30 PM"
"images\brands\nike\banner-joyride.png",".png","1406.8","4/06/2025 5:30:29 PM"
"images\brands\nike\kids\girls\futura\air\pink_and_white\01.png",".png","231.8","17/07/2025 9:20:19 PM"
"images\brands\nike\kids\girls\futura\air\pink_and_white\02.png",".png","483.4","17/07/2025 9:22:49 PM"
"images\brands\nike\other\600ml_waterbottle.png",".png","104.5","15/07/2025 11:04:27 PM"
"images\brands\nike\women\running\swift_uv-12_zip_top\01.png",".png","481.1","18/07/2025 10:24:10 AM"
"images\brands\nike\women\running\swift_uv-12_zip_top\02.png",".png","511.9","18/07/2025 10:24:45 AM"
"images\brands\nike\women\running\swift_uv-12_zip_top\03.png",".png","762.3","18/07/2025 10:25:15 AM"
"images\brands\nike\women\running\swift_uv-12_zip_top\04.png",".png","377","18/07/2025 10:25:51 AM"
"images\brands\nike\women\running\swift_uv-12_zip_top\05.png",".png","541.2","18/07/2025 10:26:21 AM"
"images\brands\nike\women\running\swift_uv-12_zip_top\06.png",".png","309.1","18/07/2025 10:27:01 AM"
"images\brands\nike\women\running\swift_uv-12_zip_top\07.png",".png","527.3","18/07/2025 10:27:27 AM"
"images\brands\nike\women\swoosh\sports_bra\medium-support-padded\01.png",".png","2030.7","17/07/2025 9:12:12 PM"
"images\brands\nike\women\swoosh\sports_bra\medium-support-padded\02.png",".png","1633.4","17/07/2025 9:12:53 PM"
"images\brands\nike\women\swoosh\sports_bra\medium-support-padded\03.png",".png","2600.4","17/07/2025 9:13:35 PM"
"images\brands\nike\women\swoosh\sports_bra\medium-support-padded\04.png",".png","493.8","17/07/2025 9:14:29 PM"
"images\brands\nike\women\swoosh\sports_bra\medium-support-padded\05.png",".png","581.6","17/07/2025 9:15:28 PM"
"images\brands\nike\women\training\full-zip_top Tracksuit\01.png",".png","750.4","18/07/2025 8:29:53 AM"
"images\brands\nike\women\training\full-zip_top Tracksuit\02.png",".png","544.8","18/07/2025 8:30:48 AM"
"images\brands\nike\women\training\full-zip_top Tracksuit\03.png",".png","783.7","18/07/2025 8:32:20 AM"
"images\brands\nike\women\training\full-zip_top Tracksuit\04.png",".png","468.4","18/07/2025 8:32:55 AM"
"images\brands\nike\women\training\full-zip_top Tracksuit\05.png",".png","326.6","18/07/2025 8:33:33 AM"
"images\brands\nike\women\training\full-zip_top Tracksuit\06.png",".png","248.5","18/07/2025 8:34:27 AM"
"images\brands\nike\women\training\pro_mesh-3inch_shorts\01.png",".png","1779.6","18/07/2025 8:35:57 AM"
"images\brands\nike\women\training\pro_mesh-3inch_shorts\02.png",".png","362.7","18/07/2025 8:36:36 AM"
"images\brands\nike\women\training\pro_mesh-3inch_shorts\03.png",".png","434.7","18/07/2025 8:37:21 AM"
"images\brands\nike\women\training\pro_mesh-3inch_shorts\04.png",".png","409","18/07/2025 8:38:09 AM"
"images\brands\nike\women\training\pro_mesh-3inch_shorts\05.png",".png","905.8","18/07/2025 8:38:38 AM"
"images\brands\nike\women\video\movement.mp4",".mp4","54825.3","4/06/2025 2:47:53 PM"
"images\brands\nike\women\zenvy\leggings-high_waisted-full_length\01.png",".png","796.8","17/07/2025 9:25:15 PM"
"images\brands\nike\women\zenvy\leggings-high_waisted-full_length\02.png",".png","927.3","17/07/2025 9:26:04 PM"
"images\brands\nike\women\zenvy\leggings-high-waisted-flared\01.png",".png","705.7","17/07/2025 9:28:08 PM"
"images\brands\nike\women\zenvy\leggings-high-waisted-flared\02.png",".png","693","17/07/2025 9:29:06 PM"
"images\brands\nike\women\zenvy\leggings-high-waisted-flared\03.png",".png","1398.1","17/07/2025 9:29:48 PM"
"images\brands\nike\women\zenvy\leggings-high-waisted-flared\04.png",".png","5138","17/07/2025 9:30:35 PM"
"images\brands\nike\women\zenvy\leggings-high-waisted-flared\green\05.mp4",".mp4","7081.7","5/06/2025 5:14:46 PM"
"images\brands\other\protec-skate_helmet.png",".png","660","10/04/2025 12:30:30 AM"
"images\brands\other\sting-armaplus-boxing_gloves-T3.png",".png","348","4/08/2025 10:15:48 AM"
"images\brands\pangaia\stretch-compressive-volcanic_grey\leggings\01.png",".png","260.6","17/07/2025 9:42:56 PM"
"images\brands\pangaia\stretch-compressive-volcanic_grey\leggings\02.png",".png","228.2","17/07/2025 9:44:02 PM"
"images\brands\pangaia\stretch-compressive-volcanic_grey\leggings\03.png",".png","619.6","17/07/2025 9:44:32 PM"
"images\brands\pangaia\stretch-compressive-volcanic_grey\leggings\04.png",".png","728.5","17/07/2025 9:45:03 PM"
"images\brands\pangaia\stretch-compressive-volcanic_grey\sports_bra\01.png",".png","3415.7","17/07/2025 9:33:55 PM"
"images\brands\pangaia\stretch-compressive-volcanic_grey\sports_bra\02.png",".png","1991","17/07/2025 9:34:54 PM"
"images\brands\pangaia\stretch-compressive-volcanic_grey\sports_bra\03.png",".png","1557.7","17/07/2025 9:36:08 PM"
"images\brands\pangaia\stretch-compressive-volcanic_grey\sports_bra\04.png",".png","448.5","17/07/2025 9:36:57 PM"
"images\brands\puma\banner-1.png",".png","12091.5","5/06/2025 9:40:43 AM"
"images\brands\puma\dua_lipa.mp4",".mp4","11469.9","4/06/2025 2:39:15 PM"
"images\brands\puma\unisex\training_shoes\rs-x³_spectra\01.png",".png","2820.7","15/07/2025 10:12:17 PM"
"images\brands\puma\unisex\training_shoes\rs-x³_spectra\02.png",".png","527.2","15/07/2025 10:50:28 PM"
"images\brands\reebok\banner-1.png",".png","3001.9","5/06/2025 9:48:17 AM"
"images\brands\reebok\impact.mp4",".mp4","33961.2","4/06/2025 2:31:06 PM"
"images\brands\reebok\unisex\training_shoes\nano_x3\black_court_brown.png",".png","386","15/07/2025 10:28:33 PM"
"images\brands\reebok\unisex\training_shoes\nano_x3\core_black-neon_cherry.png",".png","942.8","15/07/2025 10:26:54 PM"
"images\brands\reebok\unisex\training_shoes\nano_x3\pure_white.png",".png","367.7","15/07/2025 10:29:09 PM"
"images\brands\stax\banners\women\01-hero-images-collage.png",".png","225.4","4/06/2025 5:52:54 PM"
"images\brands\stax\banners\women\02-seamless-tones.png",".png","434.9","3/06/2025 11:27:59 AM"
"images\brands\stax\video\melbourne\large.mp4",".mp4","28358.3","4/06/2025 11:18:54 AM"
"images\brands\stax\video\melbourne\podolyano-kyah_richards.png",".png","419.7","5/06/2025 8:45:09 AM"
"images\brands\stax\video\melbourne\run-club-launch.mp4",".mp4","2703","3/06/2025 3:56:17 PM"
"images\brands\stax\video\melbourne\small.mp4",".mp4","5661.5","3/06/2025 3:50:42 PM"
"images\brands\stax\video\tropical.mp4",".mp4","17178.7","5/06/2025 9:54:22 PM"
"images\brands\stax\women\airlyte\active_zip_Jacket\01.png",".png","322.9","17/07/2025 2:56:09 PM"
"images\brands\stax\women\airlyte\active_zip_Jacket\02.png",".png","601.8","17/07/2025 2:57:02 PM"
"images\brands\stax\women\airlyte\active_zip_Jacket\03.png",".png","312.8","17/07/2025 2:57:53 PM"
"images\brands\stax\women\airlyte\active_zip_Jacket\04.png",".png","303.2","17/07/2025 2:58:50 PM"
"images\brands\stax\women\airlyte\active_zip_Jacket\05.png",".png","502.8","17/07/2025 2:59:37 PM"
"images\brands\stax\women\airlyte\active_zip_Jacket\06.png",".png","116.6","17/07/2025 3:00:23 PM"
"images\brands\stax\women\airlyte\active_zip_Jacket\07.png",".png","154.9","17/07/2025 3:01:15 PM"
"images\brands\stax\women\airlyte\backless_playsuit\01.png",".png","855.4","17/07/2025 3:02:09 PM"
"images\brands\stax\women\airlyte\backless_playsuit\02.png",".png","322.2","17/07/2025 3:02:55 PM"
"images\brands\stax\women\airlyte\backless_playsuit\03.png",".png","449.6","17/07/2025 3:03:40 PM"
"images\brands\stax\women\airlyte\backless_playsuit\04.png",".png","1382.4","17/07/2025 3:04:11 PM"
"images\brands\stax\women\airlyte\backless_playsuit\05.png",".png","474.2","17/07/2025 3:04:56 PM"
"images\brands\stax\women\airlyte\backless_playsuit\06.png",".png","290.4","17/07/2025 3:05:42 PM"
"images\brands\stax\women\airlyte\backless_playsuit\07.png",".png","232.4","17/07/2025 3:06:26 PM"
"images\brands\stax\women\airlyte\full-length_tights\01.png",".png","521.9","17/07/2025 3:07:42 PM"
"images\brands\stax\women\airlyte\full-length_tights\02.png",".png","280.8","17/07/2025 3:08:25 PM"
"images\brands\stax\women\airlyte\mini_biker_shorts\01.png",".png","402","17/07/2025 3:09:22 PM"
"images\brands\stax\women\airlyte\mini_biker_shorts\02.png",".png","328.1","17/07/2025 3:10:05 PM"
"images\brands\stax\women\airlyte\ruched_tank\01.png",".png","902.7","17/07/2025 3:10:44 PM"
"images\brands\stax\women\airlyte\ruched_tank\02.png",".png","512.1","17/07/2025 3:11:35 PM"
"images\brands\stax\women\airlyte\ruched_tank\03.png",".png","279","17/07/2025 3:12:18 PM"
"images\brands\stax\women\airlyte\ruched_tank\04.png",".png","292.3","17/07/2025 3:13:00 PM"
"images\brands\stax\women\airlyte\ruched_tank\05.png",".png","295.1","17/07/2025 3:13:38 PM"
"images\brands\stax\women\airlyte\ruched_tank\06.png",".png","271.4","17/07/2025 3:14:26 PM"
"images\brands\stax\women\airlyte\ruched_tank\07.png",".png","252.8","17/07/2025 3:15:15 PM"
"images\brands\stax\women\airlyte\ruched_tank\08.png",".png","285.6","17/07/2025 3:15:56 PM"
"images\brands\stax\women\airlyte\ruched_tank\09.png",".png","232.8","17/07/2025 3:16:40 PM"
"images\brands\stax\women\airlyte\ruched_tank\10.png",".png","221.7","17/07/2025 3:17:23 PM"
"images\brands\stax\women\airlyte\ruched_tank\11.png",".png","160.7","17/07/2025 3:18:02 PM"
"images\brands\stax\women\airlyte\ruched_tank\12.png",".png","181.8","17/07/2025 3:18:39 PM"
"images\brands\stax\women\airlyte\wrap-longsleeve\01.png",".png","888.2","17/07/2025 3:19:46 PM"
"images\brands\stax\women\airlyte\wrap-longsleeve\02.png",".png","912.2","17/07/2025 3:20:42 PM"
"images\brands\stax\women\airlyte\wrap-longsleeve\03.png",".png","274.6","17/07/2025 3:21:30 PM"
"images\brands\stax\women\nandex\adira_crop\01.png",".png","1694.7","17/07/2025 4:30:35 PM"
"images\brands\stax\women\nandex\adira_crop\02.png",".png","546","17/07/2025 4:31:26 PM"
"images\brands\stax\women\nandex\adira_crop\03.png",".png","191.6","17/07/2025 4:32:12 PM"
"images\brands\stax\women\nandex\adira_crop\04.png",".png","134.2","17/07/2025 4:32:48 PM"
"images\brands\stax\women\nandex\flex_crop\01.png",".png","522.7","17/07/2025 4:39:23 PM"
"images\brands\stax\women\nandex\flex_crop\02.png",".png","2178.6","17/07/2025 4:40:13 PM"
"images\brands\stax\women\nandex\flex_crop\03.png",".png","660","17/07/2025 4:40:58 PM"
"images\brands\stax\women\nandex\flex_crop\04.png",".png","621.1","17/07/2025 4:42:50 PM"
"images\brands\stax\women\nandex\strappy_crop\01.png",".png","256.5","17/07/2025 4:34:59 PM"
"images\brands\stax\women\nandex\strappy_crop\02.png",".png","1131.6","17/07/2025 4:35:53 PM"
"images\brands\stax\women\nandex\strappy_crop\03.png",".png","581.1","17/07/2025 4:36:39 PM"
"images\brands\stax\women\nandex\strappy_crop\04.png",".png","542.8","17/07/2025 4:37:31 PM"
"images\brands\stax\women\nandex\v_front-crop\01.png",".png","1008.5","17/07/2025 3:23:37 PM"
"images\brands\stax\women\nandex\v_front-crop\02.png",".png","488.1","17/07/2025 3:24:25 PM"
"images\brands\stax\women\nandex\v_front-crop\03.png",".png","332.6","17/07/2025 3:25:16 PM"
"images\brands\stax\women\nandex\v_front-crop\04.png",".png","523","17/07/2025 3:26:04 PM"
"images\brands\stax\women\nandex\v_front-crop\05.png",".png","281","17/07/2025 3:26:58 PM"
"images\brands\stax\women\nandex\v_front-crop\06.png",".png","306","17/07/2025 3:27:45 PM"
"images\brands\stax\women\nandex\venus_skirt\01.mp4",".mp4","3811.1","17/07/2025 4:01:33 PM"
"images\brands\stax\women\nandex\venus_skirt\02.png",".png","1266.3","17/07/2025 4:21:15 PM"
"images\brands\stax\women\nandex\venus_skirt\03.png",".png","849","17/07/2025 4:22:17 PM"
"images\brands\stax\women\nandex\venus_skirt\04.png",".png","994.4","17/07/2025 4:23:05 PM"
"images\brands\stax\women\nandex\venus_skirt\05.png",".png","789.2","17/07/2025 4:23:53 PM"
"images\brands\stax\women\nandex\venus_skirt\06.png",".png","805.1","17/07/2025 4:24:40 PM"
"images\brands\stax\women\nandex\venus_skirt\07.png",".png","554.4","17/07/2025 4:25:25 PM"
"images\brands\stax\women\nandex\venus_skirt\08.png",".png","350.7","17/07/2025 4:28:56 PM"
"images\brands\stax\women\second_left_seamless_campaign\biker_shorts\01.png",".png","338.7","17/07/2025 3:28:56 PM"
"images\brands\stax\women\second_left_seamless_campaign\biker_shorts\02.png",".png","555.9","17/07/2025 3:29:37 PM"
"images\brands\stax\women\second_left_seamless_campaign\biker_shorts\03.png",".png","1388.4","17/07/2025 3:30:27 PM"
"images\brands\stax\women\second_left_seamless_campaign\biker_shorts\04.png",".png","382","17/07/2025 3:31:09 PM"
"images\brands\stax\women\second_left_seamless_campaign\biker_shorts\05.png",".png","6686.7","17/07/2025 3:32:07 PM"
"images\brands\stax\women\second_left_seamless_campaign\biker_shorts\06.mp4",".mp4","2491.4","4/06/2025 9:30:05 AM"
"images\brands\stax\women\second_left_seamless_campaign\bralette\01.png",".png","238.7","17/07/2025 3:33:53 PM"
"images\brands\stax\women\second_left_seamless_campaign\bralette\02.png",".png","314.7","17/07/2025 3:34:24 PM"
"images\brands\stax\women\second_left_seamless_campaign\bralette\03.png",".png","1507.4","17/07/2025 3:35:07 PM"
"images\brands\stax\women\second_left_seamless_campaign\bralette\04.png",".png","336.6","17/07/2025 3:35:53 PM"
"images\brands\stax\women\second_left_seamless_campaign\scoop_long_sleeve\01.png",".png","1007.7","17/07/2025 3:36:54 PM"
"images\brands\stax\women\second_left_seamless_campaign\scoop_long_sleeve\02.png",".png","278","17/07/2025 3:37:30 PM"
"images\brands\stax\women\second_left_seamless_campaign\scoop_long_sleeve\03.png",".png","1581.8","17/07/2025 3:38:11 PM"
"images\brands\stax\women\second_left_seamless_campaign\scoop_long_sleeve\04.png",".png","273.7","17/07/2025 3:38:56 PM"
"images\brands\stax\women\second_left_seamless_campaign\scoop_long_sleeve\05.png",".png","249.5","17/07/2025 3:39:38 PM"
"images\brands\stax\women\second_left_seamless_campaign\scoop_long_sleeve\06.mp4",".mp4","7194.8","3/06/2025 11:20:27 AM"
"images\brands\underarmour\kids\girls\sports_bra\ua_crossback\01.png",".png","1881.8","17/07/2025 6:13:40 PM"
"images\brands\underarmour\kids\girls\sports_bra\ua_crossback\02.png",".png","2055.6","17/07/2025 6:14:45 PM"
"images\brands\underarmour\kids\girls\sports_bra\ua_crossback\03.png",".png","3465.2","17/07/2025 6:15:40 PM"
"images\brands\underarmour\kids\girls\sports_bra\ua_crossback\04.png",".png","2470.7","17/07/2025 6:19:09 PM"
"images\brands\underarmour\kids\girls\sports_bra\ua_crossback\05.png",".png","2841.3","17/07/2025 6:16:37 PM"
"images\brands\underarmour\men\poly_tracksuit\01.png",".png","824.4","17/07/2025 6:31:40 PM"
"images\brands\underarmour\men\poly_tracksuit\02.png",".png","470.2","17/07/2025 6:32:27 PM"
"images\brands\underarmour\men\poly_tracksuit\03.png",".png","889.3","17/07/2025 6:33:09 PM"
"images\brands\underarmour\men\poly_tracksuit\04.png",".png","422.9","17/07/2025 6:34:06 PM"
"images\brands\underarmour\men\poly_tracksuit\05.png",".png","863.8","17/07/2025 6:34:55 PM"
"images\brands\underarmour\men\poly_tracksuit\06.png",".png","335.2","17/07/2025 6:36:09 PM"
"images\brands\underarmour\men\poly_tracksuit\07.png",".png","270.1","17/07/2025 6:37:06 PM"
"images\brands\underarmour\men\ua_storm_vanish_track_pants\01.png",".png","1219.8","17/07/2025 7:50:48 PM"
"images\brands\underarmour\men\ua_storm_vanish_track_pants\02.png",".png","378","17/07/2025 7:51:30 PM"
"images\brands\underarmour\men\ua_storm_vanish_track_pants\03.png",".png","729.6","17/07/2025 7:52:09 PM"
"images\brands\underarmour\men\ua_storm_vanish_track_pants\04.png",".png","361.8","17/07/2025 7:52:50 PM"
"images\brands\underarmour\men\ua_storm_vanish_track_pants\05.png",".png","625.5","17/07/2025 7:53:33 PM"
"images\brands\underarmour\video\basketball.mp4",".mp4","25903.7","5/06/2025 3:24:09 PM"
"images\brands\underarmour\women\wordmark_strappy_sports_bra\01.png",".png","1001.5","17/07/2025 11:01:57 PM"
"images\brands\underarmour\women\wordmark_strappy_sports_bra\02.png",".png","533.7","17/07/2025 11:02:38 PM"
"images\brands\underarmour\women\wordmark_strappy_sports_bra\03.png",".png","534.2","17/07/2025 11:03:11 PM"
"images\brands\underarmour\women\wordmark_strappy_sports_bra\04.png",".png","845.2","17/07/2025 11:03:47 PM"
"images\brands\underarmour\women\wordmark_strappy_sports_bra\05.png",".png","227.9","17/07/2025 11:04:41 PM"
"images\brands\wilson\men\active_set\parkside_crew\01.png",".png","645.3","5/06/2025 6:48:09 PM"
"images\brands\wilson\men\active_set\parkside_crew\02.png",".png","765.1","17/07/2025 10:20:46 PM"
"images\brands\wilson\men\active_set\parkside_crew\03.png",".png","530.4","17/07/2025 10:21:52 PM"
"images\brands\wilson\men\active_set\parkside_crew\04.png",".png","609.6","17/07/2025 10:22:47 PM"
"images\brands\wilson\men\active_set\tournament_shirt\01.png",".png","879.6","17/07/2025 10:07:08 PM"
"images\brands\wilson\men\active_set\tournament_shirt\02.png",".png","770.9","17/07/2025 10:07:55 PM"
"images\brands\wilson\men\active_set\tournament_shirt\03.png",".png","1024.2","17/07/2025 10:08:40 PM"
"images\brands\wilson\men\active_set\tournament_shirt\04.png",".png","2280.6","17/07/2025 10:09:19 PM"
"images\brands\wilson\men\active_set\tournament_shirt\05.png",".png","2286.7","17/07/2025 10:10:05 PM"
"images\brands\wilson\men\active_set\tournament_shorts\01.png",".png","426.1","17/07/2025 10:19:03 PM"
"images\brands\wilson\men\active_set\tournament_shorts\02.png",".png","1668.7","17/07/2025 10:13:40 PM"
"images\brands\wilson\men\active_set\tournament_shorts\03.png",".png","2027","17/07/2025 10:14:24 PM"
"images\brands\wilson\men\active_set\tournament_shorts\04.png",".png","876.6","17/07/2025 10:15:11 PM"
"images\brands\wilson\men\active_set\tournament_shorts\05.png",".png","1348.5","17/07/2025 10:16:03 PM"
"images\brands\wilson\men\chico_lachowski.mp4",".mp4","28342.2","4/06/2025 3:16:58 PM"
"images\brands\wilson\unisex\01.png",".png","688.9","17/07/2025 10:33:22 PM"
"images\brands\wilson\unisex\02.png",".png","916.7","17/07/2025 10:34:22 PM"
"images\brands\wilson\unisex\03.png",".png","564.4","17/07/2025 10:35:05 PM"
"images\brands\wilson\unisex\04.png",".png","789.6","17/07/2025 10:36:04 PM"
"images\brands\wilson\unisex\05.png",".png","543","17/07/2025 10:37:15 PM"
"images\brands\wilson\unisex\feel_in_flow.mp4",".mp4","41790.5","5/06/2025 8:57:22 PM"
"images\brands\wilson\unisex\french_clay.mp4",".mp4","12294.4","5/06/2025 7:46:45 PM"
"images\brands\wilson\unisex\rf_collection\pro_classic\01\a.png",".png","578.4","16/07/2025 1:06:53 AM"
"images\brands\wilson\unisex\rf_collection\pro_classic\01\b.png",".png","1837.1","16/07/2025 1:08:40 AM"
"images\brands\wilson\unisex\rf_collection\pro_classic\01\c.png",".png","476.4","16/07/2025 1:07:43 AM"
"images\brands\wilson\unisex\rf_collection\pro_classic\01\d.png",".png","1420.2","16/07/2025 1:09:50 AM"
"images\brands\wilson\unisex\rf_collection\pro_classic\01\youtube.mp4",".mp4","44348.2","16/07/2025 12:58:08 AM"
"images\brands\wilson\video\rf_01-pro_classic-youtube.mp4",".mp4","44348.2","16/07/2025 12:58:08 AM"
"images\brands\wilson\video\rf_collection_by_wilson-06_secs-youtube.mp4",".mp4","4060.9","16/07/2025 12:37:50 AM"
"images\icons\call_24dp_FFFFFF_FILL0_wght400_GRAD0_opsz24.svg",".svg","0.5","19/05/2025 12:45:09 PM"
"images\icons\close_24dp_FFFFFF_FILL0_wght400_GRAD0_opsz24.svg",".svg","0.2","5/05/2025 12:02:47 PM"
"images\icons\login_24dp_FFFFFF_FILL0_wght400_GRAD0_opsz24.svg",".svg","0.3","9/04/2025 10:58:44 PM"
"images\icons\menu_24dp_FFFFFF_FILL0_wght400_GRAD0_opsz24.svg",".svg","0.2","5/05/2025 11:37:08 AM"
"images\icons\production_quantity_limits_24dp_FFFFFF_FILL0_wght400_GRAD0_opsz24.svg",".svg","0.6","5/05/2025 8:45:06 PM"
"images\icons\search_24dp_FFFFFF_FILL0_wght400_GRAD0_opsz24.svg",".svg","0.4","5/05/2025 11:25:33 AM"
"images\icons\shopping_cart_24dp_FFFFFF_FILL0_wght400_GRAD0_opsz24.svg",".svg","0.5","5/05/2025 11:23:49 AM"
"images\icons\social_apps\Facebook_Logo_Secondary.svg",".svg","0.6","19/05/2025 11:13:30 AM"
"images\icons\social_apps\Instagram_Glyph_White.svg",".svg","1.8","19/05/2025 10:35:52 AM"
"images\icons\social_apps\Messenger_Icon_Secondary_White.svg",".svg","0.8","19/05/2025 10:31:06 AM"
"images\icons\social_apps\WhatsApp-Digital_Glyph_White.svg",".svg","1.9","19/05/2025 10:33:29 AM"
"images\logos\01.png",".png","6.5","17/07/2025 10:00:31 PM"
"images\logos\02.png",".png","29","17/07/2025 10:01:58 PM"
"images\logos\adidas-currentColor.svg",".svg","3.4","10/04/2025 7:46:20 AM"
"images\logos\AdobeStock_583381948 [Converted].svg",".svg","254.4","17/06/2025 11:30:43 PM"
"images\logos\ally_fashion.html",".html","27.6","2/06/2025 2:12:46 PM"
"images\logos\asics-currentColor.svg",".svg","2.9","10/04/2025 7:51:58 AM"
"images\logos\ChatGPT Image Jun 14, 2025, 08_03_34 PM.png",".png","1226.1","14/06/2025 8:03:37 PM"
"images\logos\new_balance-currentColor.svg",".svg","7.6","10/04/2025 7:10:12 AM"
"images\logos\nike-currentColor.svg",".svg","0.9","10/04/2025 6:22:46 AM"
"images\logos\puma-currentColor.svg",".svg","3.4","10/04/2025 7:55:46 AM"
"images\logos\reebok-currentColor.svg",".svg","6","10/04/2025 8:12:00 AM"
"images\logos\self_portrait-ring_fadeout.png",".png","352.9","14/06/2025 8:17:21 PM"
"images\logos\shopping-bag-with-sw - powerpoint.svg",".svg","3.3","17/06/2025 11:13:34 PM"
"images\logos\shopping-bag-with-sw.svg",".svg","3.3","17/06/2025 10:56:17 PM"
"images\logos\sports_warehouse_circle_sw_white_ring_highlight.png",".png","293.2","14/06/2025 6:50:02 PM"
"images\logos\sports_warehouse_circle_with_sw.png",".png","126.3","14/06/2025 6:10:32 PM"
"images\logos\sports-warehouse-favicon.ico",".ico","129.5","26/05/2025 1:13:19 AM"
"images\logos\sports-warehouse-logo.svg",".svg","7.9","25/05/2025 11:34:53 PM"
"images\logos\sports-warehouse-logo-sw.ico",".ico","15","8/03/2025 12:34:16 PM"
"images\logos\sports-warehouse-logo-sw.png",".png","13.9","8/03/2025 11:44:22 AM"
"images\logos\sports-warehouse-logo-sw-recommended_apple_size.png",".png","11.1","12/04/2025 10:45:10 AM"
"images\logos\sports-warehouse-logo-sw-stroke.svg",".svg","1","26/05/2025 12:05:52 AM"
"images\logos\under_armour-currentColor.svg",".svg","5.9","10/04/2025 7:59:46 AM"
"images\logos\wilson-currentColor.svg",".svg","9.8","10/04/2025 8:06:52 AM"
"images\placeholders\product_missing.svg",".svg","6.3","1/09/2025 5:13:42 PM"
"images\plus_size\banners\curvy-woman-boxing-personal-trainer.jpeg",".jpeg","1068.4","8/06/2025 11:20:02 PM"
"images\plus_size\banners\gym.jpeg",".jpeg","14493.8","8/06/2025 11:15:57 PM"
"images\plus_size\banners\women-body_positive-activewear-hugging-smiling.png",".png","13233.6","17/07/2025 9:46:49 PM"
"images\plus_size\video\mom-daughter.mp4",".mp4","4128.2","9/06/2025 1:27:08 AM"
"inc\cards\product-grid.php",".php","9.2","6/09/2025 11:33:17 AM"
"inc\cards\utils.php",".php","10.8","6/09/2025 10:42:59 AM"
"inc\catalog-query.php",".php","7.8","11/09/2025 7:22:34 AM"
"inc\color-groups.php",".php","1","8/09/2025 12:33:41 PM"
"inc\color-normalize.php",".php","1.3","8/09/2025 9:59:06 AM"
"inc\color-where.php",".php","2.8","11/09/2025 6:30:43 AM"
"inc\filters\color-facets.php",".php","9.7","11/09/2025 6:40:37 AM"
"inc\filter-ui.php",".php","1.8","26/08/2025 1:26:00 PM"
"inc\footer.php",".php","44.1","20/08/2025 10:38:56 PM"
"inc\header.php",".php","14.9","4/07/2025 3:28:20 PM"
"inc\hero.php",".php","8.4","2/09/2025 10:22:34 PM"
"inc\sidebar\adidas\carousel-bundle-hero.php",".php","3.3","1/08/2025 2:43:21 PM"
"inc\sidebar\adidas\hyperglam.php",".php","5.6","1/08/2025 2:33:31 PM"
"inc\sidebar\adidas\jennie.php",".php","5.2","1/08/2025 2:33:34 PM"
"inc\sidebar\adidas\kids.php",".php","3.2","1/08/2025 2:33:37 PM"
"inc\sidebar\adidas\mens.php",".php","2.6","1/08/2025 2:33:40 PM"
"inc\sidebar\layout.php",".php","1","1/08/2025 9:40:58 AM"
"inc\site-config.php",".php","10.6","20/08/2025 7:54:13 PM"
"index.php",".php","18.9","10/09/2025 10:06:07 PM"
"issues\bug-home-runtime.md",".md","0","16/08/2025 11:52:58 PM"
"js\dark-mode.js",".js","0.3","5/08/2025 3:29:22 PM"
"js\filter-ui.js",".js","6.4","26/08/2025 9:21:48 PM"
"js\image-lazy.js",".js","0.5","5/08/2025 3:28:22 PM"
"js\orientation-utils.js",".js","1.3","5/08/2025 2:55:16 PM"
"js\site-ui.js",".js","9.4","17/08/2025 11:52:37 PM"
"logs\missing-images.log",".log","7.3","11/09/2025 7:25:58 AM"
"logs\sw-debug.log",".log","87.4","11/09/2025 7:24:09 AM"
"product.php",".php","8.7","20/08/2025 8:21:10 PM"
"project_filelist.csv",".csv","0","11/09/2025 7:52:44 AM"
"project-tree.txt",".txt","43.2","8/09/2025 2:20:16 PM"
"README.md",".md","18.8","16/08/2025 8:26:58 PM"
"scripts\color-tag-images.php",".php","14.3","8/09/2025 11:36:28 AM"
"scripts\generate-item-orientations.php",".php","2.3","19/08/2025 10:08:04 PM"
"scripts\git-hygiene.bat",".bat","2.9","17/08/2025 10:21:12 AM"
"scripts\git-hygiene.ps1",".ps1","3.6","17/08/2025 10:27:53 AM"
"scripts\import_orientations.php",".php","4.1","30/08/2025 1:30:35 PM"
"scripts\item_orientations.csv",".csv","0.9","5/08/2025 8:05:41 PM"
"scripts\item_orientations_adidas.csv",".csv","0.1","7/08/2025 12:25:28 PM"
"scripts\run-category-sync.ps1",".ps1","0","16/08/2025 9:17:53 PM"
"scripts\run-category-sync.sh",".sh","0","16/08/2025 9:17:53 PM"
"scripts\update-orientations.php",".php","4.3","19/08/2025 10:09:04 PM"
"search.php",".php","1","4/07/2025 3:30:09 PM"
"site-structure.txt",".txt","20.9","16/08/2025 9:18:04 PM"
"SportsWarehouse_color_filter_pack.zip",".zip","33.5","9/09/2025 11:16:23 AM"
"SportsWarehouse_color_filter_pack2.zip",".zip","34.3","11/09/2025 5:59:07 AM"
"SportsWarehouse_DeliberableB.zip",".zip","5005.5","29/05/2025 9:18:36 PM"
"sql\category-sync\apply.sql",".sql","2.3","17/08/2025 12:00:27 AM"
"sql\category-sync\audit.sql",".sql","2.2","17/08/2025 12:00:50 AM"
"sql\category-sync\dry-run.sql",".sql","1.3","17/08/2025 12:00:05 AM"
"sql\category-sync\open_in_dbeaver.bat",".bat","0.5","17/08/2025 12:06:12 AM"
"sql\category-sync\run_all.bat",".bat","3.8","17/08/2025 12:05:51 AM"
"test_db.php",".php","0.3","2/06/2025 7:41:27 PM"
"tests\local-only\.htaccess",".htaccess","0","17/08/2025 9:46:23 AM"
"tests\local-only\dbtest.php",".php","1.4","17/08/2025 12:53:24 AM"
"tests\local-only\phpinfo.php",".php","0.1","17/08/2025 12:42:24 AM"
